<?xml version="1.0" encoding="UTF-8"?><ImplementationGuide xmlns="http://hl7.org/fhir"><id value="fhir.scp"/><text><status value="generated"/><div xmlns="http://www.w3.org/1999/xhtml"><p class="res-header-id"><b>Generated Narrative: ImplementationGuide fhir.scp</b></p><a name="fhir.scp"> </a><a name="hcfhir.scp"> </a><a name="hcfhir.scp-en-US"> </a><h2>sharedcareplanning</h2><p>The official URL for this implementation guide is: </p><pre>http://santeonnl.github.io/shared-care-planning</pre></div></text><url value="http://santeonnl.github.io/shared-care-planning"/><version value="0.1.0"/><name value="sharedcareplanning"/><title value="Shared Care Planning (SCP) Implementation Guide"/><status value="draft"/><date value="2024-07-01T12:11:43+02:00"/><publisher value="Santeon"/><contact><name value="Santeon"/><telecom><system value="url"/><value value="https://www.santeon.nl"/></telecom></contact><packageId value="fhir.scp"/><license value="GPL-3.0-or-later"/><fhirVersion value="4.0.1"/><dependsOn id="hl7tx"><extension url="http://hl7.org/fhir/tools/StructureDefinition/implementationguide-dependency-comment"><valueMarkdown value="Automatically added as a dependency - all IGs depend on HL7 Terminology"/></extension><uri value="http://terminology.hl7.org/ImplementationGuide/hl7.terminology"/><packageId value="hl7.terminology.r4"/><version value="5.5.0"/></dependsOn><dependsOn id="hl7ext"><extension url="http://hl7.org/fhir/tools/StructureDefinition/implementationguide-dependency-comment"><valueMarkdown value="Automatically added as a dependency - all IGs depend on the HL7 Extension Pack"/></extension><uri value="http://hl7.org/fhir/extensions/ImplementationGuide/hl7.fhir.uv.extensions"/><packageId value="hl7.fhir.uv.extensions.r4"/><version value="5.1.0"/></dependsOn><dependsOn id="nlcore"><uri value="https://simplifier.net/packages/nictiz.fhir.nl.r4.nl-core"/><packageId value="nictiz.fhir.nl.r4.nl-core"/><version value="0.10.0-beta.1"/></dependsOn><definition><extension url="http://hl7.org/fhir/tools/StructureDefinition/ig-parameter"><extension url="code"><valueString value="copyrightyear"/></extension><extension url="value"><valueString value="2024+"/></extension></extension><extension url="http://hl7.org/fhir/tools/StructureDefinition/ig-parameter"><extension url="code"><valueString value="releaselabel"/></extension><extension url="value"><valueString value="ci-build"/></extension></extension><extension url="http://hl7.org/fhir/tools/StructureDefinition/ig-parameter"><extension url="code"><valueString value="autoload-resources"/></extension><extension url="value"><valueString value="true"/></extension></extension><extension url="http://hl7.org/fhir/tools/StructureDefinition/ig-parameter"><extension url="code"><valueString value="path-liquid"/></extension><extension url="value"><valueString value="template/liquid"/></extension></extension><extension url="http://hl7.org/fhir/tools/StructureDefinition/ig-parameter"><extension url="code"><valueString value="path-liquid"/></extension><extension url="value"><valueString value="input/liquid"/></extension></extension><extension url="http://hl7.org/fhir/tools/StructureDefinition/ig-parameter"><extension url="code"><valueString value="path-qa"/></extension><extension url="value"><valueString value="temp/qa"/></extension></extension><extension url="http://hl7.org/fhir/tools/StructureDefinition/ig-parameter"><extension url="code"><valueString value="path-temp"/></extension><extension url="value"><valueString value="temp/pages"/></extension></extension><extension url="http://hl7.org/fhir/tools/StructureDefinition/ig-parameter"><extension url="code"><valueString value="path-output"/></extension><extension url="value"><valueString value="output"/></extension></extension><extension url="http://hl7.org/fhir/tools/StructureDefinition/ig-parameter"><extension url="code"><valueString value="path-suppressed-warnings"/></extension><extension url="value"><valueString value="input/ignoreWarnings.txt"/></extension></extension><extension url="http://hl7.org/fhir/tools/StructureDefinition/ig-parameter"><extension url="code"><valueString value="path-history"/></extension><extension url="value"><valueString value="history.html"/></extension></extension><extension url="http://hl7.org/fhir/tools/StructureDefinition/ig-parameter"><extension url="code"><valueString value="template-html"/></extension><extension url="value"><valueString value="template-page.html"/></extension></extension><extension url="http://hl7.org/fhir/tools/StructureDefinition/ig-parameter"><extension url="code"><valueString value="template-md"/></extension><extension url="value"><valueString value="template-page-md.html"/></extension></extension><extension url="http://hl7.org/fhir/tools/StructureDefinition/ig-parameter"><extension url="code"><valueString value="apply-contact"/></extension><extension url="value"><valueString value="true"/></extension></extension><extension url="http://hl7.org/fhir/tools/StructureDefinition/ig-parameter"><extension url="code"><valueString value="apply-context"/></extension><extension url="value"><valueString value="true"/></extension></extension><extension url="http://hl7.org/fhir/tools/StructureDefinition/ig-parameter"><extension url="code"><valueString value="apply-copyright"/></extension><extension url="value"><valueString value="true"/></extension></extension><extension url="http://hl7.org/fhir/tools/StructureDefinition/ig-parameter"><extension url="code"><valueString value="apply-jurisdiction"/></extension><extension url="value"><valueString value="true"/></extension></extension><extension url="http://hl7.org/fhir/tools/StructureDefinition/ig-parameter"><extension url="code"><valueString value="apply-license"/></extension><extension url="value"><valueString value="true"/></extension></extension><extension url="http://hl7.org/fhir/tools/StructureDefinition/ig-parameter"><extension url="code"><valueString value="apply-publisher"/></extension><extension url="value"><valueString value="true"/></extension></extension><extension url="http://hl7.org/fhir/tools/StructureDefinition/ig-parameter"><extension url="code"><valueString value="apply-version"/></extension><extension url="value"><valueString value="true"/></extension></extension><extension url="http://hl7.org/fhir/tools/StructureDefinition/ig-parameter"><extension url="code"><valueString value="apply-wg"/></extension><extension url="value"><valueString value="true"/></extension></extension><extension url="http://hl7.org/fhir/tools/StructureDefinition/ig-parameter"><extension url="code"><valueString value="active-tables"/></extension><extension url="value"><valueString value="true"/></extension></extension><extension url="http://hl7.org/fhir/tools/StructureDefinition/ig-parameter"><extension url="code"><valueString value="fmm-definition"/></extension><extension url="value"><valueString value="http://hl7.org/fhir/versions.html#maturity"/></extension></extension><extension url="http://hl7.org/fhir/tools/StructureDefinition/ig-parameter"><extension url="code"><valueString value="propagate-status"/></extension><extension url="value"><valueString value="true"/></extension></extension><extension url="http://hl7.org/fhir/tools/StructureDefinition/ig-parameter"><extension url="code"><valueString value="excludelogbinaryformat"/></extension><extension url="value"><valueString value="true"/></extension></extension><extension url="http://hl7.org/fhir/tools/StructureDefinition/ig-parameter"><extension url="code"><valueString value="tabbed-snapshots"/></extension><extension url="value"><valueString value="true"/></extension></extension><extension url="http://hl7.org/fhir/tools/StructureDefinition/ig-internal-dependency"><valueCode value="hl7.fhir.uv.tools#0.1.0"/></extension><extension url="http://hl7.org/fhir/tools/StructureDefinition/ig-parameter"><extension url="code"><valueCode value="copyrightyear"/></extension><extension url="value"><valueString value="2024+"/></extension></extension><extension url="http://hl7.org/fhir/tools/StructureDefinition/ig-parameter"><extension url="code"><valueCode value="releaselabel"/></extension><extension url="value"><valueString value="ci-build"/></extension></extension><extension url="http://hl7.org/fhir/tools/StructureDefinition/ig-parameter"><extension url="code"><valueCode value="autoload-resources"/></extension><extension url="value"><valueString value="true"/></extension></extension><extension url="http://hl7.org/fhir/tools/StructureDefinition/ig-parameter"><extension url="code"><valueCode value="path-liquid"/></extension><extension url="value"><valueString value="template/liquid"/></extension></extension><extension url="http://hl7.org/fhir/tools/StructureDefinition/ig-parameter"><extension url="code"><valueCode value="path-liquid"/></extension><extension url="value"><valueString value="input/liquid"/></extension></extension><extension url="http://hl7.org/fhir/tools/StructureDefinition/ig-parameter"><extension url="code"><valueCode value="path-qa"/></extension><extension url="value"><valueString value="temp/qa"/></extension></extension><extension url="http://hl7.org/fhir/tools/StructureDefinition/ig-parameter"><extension url="code"><valueCode value="path-temp"/></extension><extension url="value"><valueString value="temp/pages"/></extension></extension><extension url="http://hl7.org/fhir/tools/StructureDefinition/ig-parameter"><extension url="code"><valueCode value="path-output"/></extension><extension url="value"><valueString value="output"/></extension></extension><extension url="http://hl7.org/fhir/tools/StructureDefinition/ig-parameter"><extension url="code"><valueCode value="path-suppressed-warnings"/></extension><extension url="value"><valueString value="input/ignoreWarnings.txt"/></extension></extension><extension url="http://hl7.org/fhir/tools/StructureDefinition/ig-parameter"><extension url="code"><valueCode value="path-history"/></extension><extension url="value"><valueString value="history.html"/></extension></extension><extension url="http://hl7.org/fhir/tools/StructureDefinition/ig-parameter"><extension url="code"><valueCode value="template-html"/></extension><extension url="value"><valueString value="template-page.html"/></extension></extension><extension url="http://hl7.org/fhir/tools/StructureDefinition/ig-parameter"><extension url="code"><valueCode value="template-md"/></extension><extension url="value"><valueString value="template-page-md.html"/></extension></extension><extension url="http://hl7.org/fhir/tools/StructureDefinition/ig-parameter"><extension url="code"><valueCode value="apply-contact"/></extension><extension url="value"><valueString value="true"/></extension></extension><extension url="http://hl7.org/fhir/tools/StructureDefinition/ig-parameter"><extension url="code"><valueCode value="apply-context"/></extension><extension url="value"><valueString value="true"/></extension></extension><extension url="http://hl7.org/fhir/tools/StructureDefinition/ig-parameter"><extension url="code"><valueCode value="apply-copyright"/></extension><extension url="value"><valueString value="true"/></extension></extension><extension url="http://hl7.org/fhir/tools/StructureDefinition/ig-parameter"><extension url="code"><valueCode value="apply-jurisdiction"/></extension><extension url="value"><valueString value="true"/></extension></extension><extension url="http://hl7.org/fhir/tools/StructureDefinition/ig-parameter"><extension url="code"><valueCode value="apply-license"/></extension><extension url="value"><valueString value="true"/></extension></extension><extension url="http://hl7.org/fhir/tools/StructureDefinition/ig-parameter"><extension url="code"><valueCode value="apply-publisher"/></extension><extension url="value"><valueString value="true"/></extension></extension><extension url="http://hl7.org/fhir/tools/StructureDefinition/ig-parameter"><extension url="code"><valueCode value="apply-version"/></extension><extension url="value"><valueString value="true"/></extension></extension><extension url="http://hl7.org/fhir/tools/StructureDefinition/ig-parameter"><extension url="code"><valueCode value="apply-wg"/></extension><extension url="value"><valueString value="true"/></extension></extension><extension url="http://hl7.org/fhir/tools/StructureDefinition/ig-parameter"><extension url="code"><valueCode value="active-tables"/></extension><extension url="value"><valueString value="true"/></extension></extension><extension url="http://hl7.org/fhir/tools/StructureDefinition/ig-parameter"><extension url="code"><valueCode value="fmm-definition"/></extension><extension url="value"><valueString value="http://hl7.org/fhir/versions.html#maturity"/></extension></extension><extension url="http://hl7.org/fhir/tools/StructureDefinition/ig-parameter"><extension url="code"><valueCode value="propagate-status"/></extension><extension url="value"><valueString value="true"/></extension></extension><extension url="http://hl7.org/fhir/tools/StructureDefinition/ig-parameter"><extension url="code"><valueCode value="excludelogbinaryformat"/></extension><extension url="value"><valueString value="true"/></extension></extension><extension url="http://hl7.org/fhir/tools/StructureDefinition/ig-parameter"><extension url="code"><valueCode value="tabbed-snapshots"/></extension><extension url="value"><valueString value="true"/></extension></extension><extension url="http://hl7.org/fhir/tools/StructureDefinition/ig-parameter"><extension url="code"><valueCode value="copyrightyear"/></extension><extension url="value"><valueString value="2024+"/></extension></extension><extension url="http://hl7.org/fhir/tools/StructureDefinition/ig-parameter"><extension url="code"><valueCode value="releaselabel"/></extension><extension url="value"><valueString value="ci-build"/></extension></extension><extension url="http://hl7.org/fhir/tools/StructureDefinition/ig-parameter"><extension url="code"><valueCode value="autoload-resources"/></extension><extension url="value"><valueString value="true"/></extension></extension><extension url="http://hl7.org/fhir/tools/StructureDefinition/ig-parameter"><extension url="code"><valueCode value="path-liquid"/></extension><extension url="value"><valueString value="template/liquid"/></extension></extension><extension url="http://hl7.org/fhir/tools/StructureDefinition/ig-parameter"><extension url="code"><valueCode value="path-liquid"/></extension><extension url="value"><valueString value="input/liquid"/></extension></extension><extension url="http://hl7.org/fhir/tools/StructureDefinition/ig-parameter"><extension url="code"><valueCode value="path-qa"/></extension><extension url="value"><valueString value="temp/qa"/></extension></extension><extension url="http://hl7.org/fhir/tools/StructureDefinition/ig-parameter"><extension url="code"><valueCode value="path-temp"/></extension><extension url="value"><valueString value="temp/pages"/></extension></extension><extension url="http://hl7.org/fhir/tools/StructureDefinition/ig-parameter"><extension url="code"><valueCode value="path-output"/></extension><extension url="value"><valueString value="output"/></extension></extension><extension url="http://hl7.org/fhir/tools/StructureDefinition/ig-parameter"><extension url="code"><valueCode value="path-suppressed-warnings"/></extension><extension url="value"><valueString value="input/ignoreWarnings.txt"/></extension></extension><extension url="http://hl7.org/fhir/tools/StructureDefinition/ig-parameter"><extension url="code"><valueCode value="path-history"/></extension><extension url="value"><valueString value="history.html"/></extension></extension><extension url="http://hl7.org/fhir/tools/StructureDefinition/ig-parameter"><extension url="code"><valueCode value="template-html"/></extension><extension url="value"><valueString value="template-page.html"/></extension></extension><extension url="http://hl7.org/fhir/tools/StructureDefinition/ig-parameter"><extension url="code"><valueCode value="template-md"/></extension><extension url="value"><valueString value="template-page-md.html"/></extension></extension><extension url="http://hl7.org/fhir/tools/StructureDefinition/ig-parameter"><extension url="code"><valueCode value="apply-contact"/></extension><extension url="value"><valueString value="true"/></extension></extension><extension url="http://hl7.org/fhir/tools/StructureDefinition/ig-parameter"><extension url="code"><valueCode value="apply-context"/></extension><extension url="value"><valueString value="true"/></extension></extension><extension url="http://hl7.org/fhir/tools/StructureDefinition/ig-parameter"><extension url="code"><valueCode value="apply-copyright"/></extension><extension url="value"><valueString value="true"/></extension></extension><extension url="http://hl7.org/fhir/tools/StructureDefinition/ig-parameter"><extension url="code"><valueCode value="apply-jurisdiction"/></extension><extension url="value"><valueString value="true"/></extension></extension><extension url="http://hl7.org/fhir/tools/StructureDefinition/ig-parameter"><extension url="code"><valueCode value="apply-license"/></extension><extension url="value"><valueString value="true"/></extension></extension><extension url="http://hl7.org/fhir/tools/StructureDefinition/ig-parameter"><extension url="code"><valueCode value="apply-publisher"/></extension><extension url="value"><valueString value="true"/></extension></extension><extension url="http://hl7.org/fhir/tools/StructureDefinition/ig-parameter"><extension url="code"><valueCode value="apply-version"/></extension><extension url="value"><valueString value="true"/></extension></extension><extension url="http://hl7.org/fhir/tools/StructureDefinition/ig-parameter"><extension url="code"><valueCode value="apply-wg"/></extension><extension url="value"><valueString value="true"/></extension></extension><extension url="http://hl7.org/fhir/tools/StructureDefinition/ig-parameter"><extension url="code"><valueCode value="active-tables"/></extension><extension url="value"><valueString value="true"/></extension></extension><extension url="http://hl7.org/fhir/tools/StructureDefinition/ig-parameter"><extension url="code"><valueCode value="fmm-definition"/></extension><extension url="value"><valueString value="http://hl7.org/fhir/versions.html#maturity"/></extension></extension><extension url="http://hl7.org/fhir/tools/StructureDefinition/ig-parameter"><extension url="code"><valueCode value="propagate-status"/></extension><extension url="value"><valueString value="true"/></extension></extension><extension url="http://hl7.org/fhir/tools/StructureDefinition/ig-parameter"><extension url="code"><valueCode value="excludelogbinaryformat"/></extension><extension url="value"><valueString value="true"/></extension></extension><extension url="http://hl7.org/fhir/tools/StructureDefinition/ig-parameter"><extension url="code"><valueCode value="tabbed-snapshots"/></extension><extension url="value"><valueString value="true"/></extension></extension><grouping id="-str-profile"><name value="Structures: Resource Profiles"/><description value="These define constraints on FHIR resources for systems conforming to this implementation guide."/></grouping><grouping id="-ex-example"><name value="Example: Example Instances"/><description value="These are example instances that show what data produced and consumed by systems conforming with this implementation guide might look like."/></grouping><resource><extension url="http://hl7.org/fhir/tools/StructureDefinition/resource-sort"><valueInteger value="999999999"/></extension><extension url="http://hl7.org/fhir/StructureDefinition/implementationguide-page"><valueUri value="StructureDefinition-scp-plan.html"/></extension><reference><reference value="StructureDefinition/scp-plan"/></reference><name value="Shared Care Planning PlanDefinition"/><description value="TODO ..."/><exampleBoolean value="false"/><groupingId value="-str-profile"/></resource><resource><extension url="http://hl7.org/fhir/tools/StructureDefinition/resource-sort"><valueInteger value="999999999"/></extension><extension url="http://hl7.org/fhir/StructureDefinition/implementationguide-page"><valueUri value="Bundle-minimal-enrollment-Bundle.html"/></extension><reference><reference value="Bundle/minimal-enrollment-Bundle"/></reference><name value="Bundle for Minimal Enrollment"/><exampleBoolean value="true"/><groupingId value="-ex-example"/></resource><resource><extension url="http://hl7.org/fhir/tools/StructureDefinition/resource-sort"><valueInteger value="999999999"/></extension><extension url="http://hl7.org/fhir/StructureDefinition/implementationguide-page"><valueUri value="CarePlan-minimal-enrollment-CarePlan.html"/></extension><reference><reference value="CarePlan/minimal-enrollment-CarePlan"/></reference><name value="CarePlan for Minimal Enrollment"/><exampleBoolean value="true"/><groupingId value="-ex-example"/></resource><resource><extension url="http://hl7.org/fhir/tools/StructureDefinition/resource-sort"><valueInteger value="999999999"/></extension><extension url="http://hl7.org/fhir/StructureDefinition/implementationguide-page"><valueUri value="Condition-scp-condition-diabetes.html"/></extension><reference><reference value="Condition/scp-condition-diabetes"/></reference><name value="Diabetes Sharon Cynthia Proef"/><exampleBoolean value="true"/><groupingId value="-ex-example"/></resource><resource><extension url="http://hl7.org/fhir/tools/StructureDefinition/resource-sort"><valueInteger value="999999999"/></extension><extension url="http://hl7.org/fhir/StructureDefinition/implementationguide-page"><valueUri value="Condition-scp-condition-hypertensie.html"/></extension><reference><reference value="Condition/scp-condition-hypertensie"/></reference><name value="Hypertensie Sharon Cynthia Proef"/><exampleBoolean value="true"/><groupingId value="-ex-example"/></resource><resource><extension url="http://hl7.org/fhir/tools/StructureDefinition/resource-sort"><valueInteger value="999999999"/></extension><extension url="http://hl7.org/fhir/StructureDefinition/implementationguide-page"><valueUri value="CarePlan-scp-plan-diabetes.html"/></extension><reference><reference value="CarePlan/scp-plan-diabetes"/></reference><name value="Plan for Diabetes Sharon Cynthia Proef"/><exampleBoolean value="true"/><groupingId value="-ex-example"/></resource><resource><extension url="http://hl7.org/fhir/tools/StructureDefinition/resource-sort"><valueInteger value="999999999"/></extension><extension url="http://hl7.org/fhir/StructureDefinition/implementationguide-page"><valueUri value="ServiceRequest-scp-req-bloedpanel.html"/></extension><reference><reference value="ServiceRequest/scp-req-bloedpanel"/></reference><name value="Request: Compleet bloedbeeld bepalen"/><exampleBoolean value="true"/><groupingId value="-ex-example"/></resource><resource><extension url="http://hl7.org/fhir/tools/StructureDefinition/resource-sort"><valueInteger value="999999999"/></extension><extension url="http://hl7.org/fhir/StructureDefinition/implementationguide-page"><valueUri value="Patient-SharonCynthiaProef.html"/></extension><reference><reference value="Patient/SharonCynthiaProef"/></reference><name value="SharonCynthiaProef"/><description value="An example of a SCP patient."/><exampleBoolean value="true"/><groupingId value="-ex-example"/></resource><resource><extension url="http://hl7.org/fhir/tools/StructureDefinition/resource-sort"><valueInteger value="999999999"/></extension><extension url="http://hl7.org/fhir/StructureDefinition/implementationguide-page"><valueUri value="PlanDefinition-plan-sds.html"/></extension><reference><reference value="PlanDefinition/plan-sds"/></reference><name value="Shwachman Diamond Syndrome PlanDefinition"/><description value="Shwachman Diamond Syndrome management plan."/><exampleCanonical value="http://santeonnl.github.io/shared-care-planning/StructureDefinition/scp-plan"/><groupingId value="-ex-example"/></resource><resource><extension url="http://hl7.org/fhir/tools/StructureDefinition/resource-sort"><valueInteger value="999999999"/></extension><extension url="http://hl7.org/fhir/StructureDefinition/implementationguide-page"><valueUri value="Task-scp-task-bloedpanel.html"/></extension><reference><reference value="Task/scp-task-bloedpanel"/></reference><name value="Taak: Compleet bloedbeeld bepalen"/><exampleBoolean value="true"/><groupingId value="-ex-example"/></resource><resource><extension url="http://hl7.org/fhir/tools/StructureDefinition/resource-sort"><valueInteger value="999999999"/></extension><extension url="http://hl7.org/fhir/StructureDefinition/implementationguide-page"><valueUri value="Condition-minimal-enrollment-Condition.html"/></extension><reference><reference value="Condition/minimal-enrollment-Condition"/></reference><name value="minimal-enrollment-Condition"/><exampleBoolean value="true"/><groupingId value="-ex-example"/></resource><resource><extension url="http://hl7.org/fhir/tools/StructureDefinition/resource-sort"><valueInteger value="999999999"/></extension><extension url="http://hl7.org/fhir/StructureDefinition/implementationguide-page"><valueUri value="Organization-minimal-enrollment-Organization-Performer.html"/></extension><reference><reference value="Organization/minimal-enrollment-Organization-Performer"/></reference><name value="minimal-enrollment-Organization-Performer"/><exampleBoolean value="true"/><groupingId value="-ex-example"/></resource><resource><extension url="http://hl7.org/fhir/tools/StructureDefinition/resource-sort"><valueInteger value="999999999"/></extension><extension url="http://hl7.org/fhir/StructureDefinition/implementationguide-page"><valueUri value="Organization-minimal-enrollment-Organization-Requester.html"/></extension><reference><reference value="Organization/minimal-enrollment-Organization-Requester"/></reference><name value="minimal-enrollment-Organization-Requester"/><exampleBoolean value="true"/><groupingId value="-ex-example"/></resource><resource><extension url="http://hl7.org/fhir/tools/StructureDefinition/resource-sort"><valueInteger value="999999999"/></extension><extension url="http://hl7.org/fhir/StructureDefinition/implementationguide-page"><valueUri value="Patient-minimal-enrollment-Patient.html"/></extension><reference><reference value="Patient/minimal-enrollment-Patient"/></reference><name value="minimal-enrollment-Patient"/><exampleBoolean value="true"/><groupingId value="-ex-example"/></resource><resource><extension url="http://hl7.org/fhir/tools/StructureDefinition/resource-sort"><valueInteger value="999999999"/></extension><extension url="http://hl7.org/fhir/StructureDefinition/implementationguide-page"><valueUri value="Practitioner-minimal-enrollment-Practitioner-HP.html"/></extension><reference><reference value="Practitioner/minimal-enrollment-Practitioner-HP"/></reference><name value="minimal-enrollment-Practitioner-HP"/><exampleBoolean value="true"/><groupingId value="-ex-example"/></resource><resource><extension url="http://hl7.org/fhir/tools/StructureDefinition/resource-sort"><valueInteger value="999999999"/></extension><extension url="http://hl7.org/fhir/StructureDefinition/implementationguide-page"><valueUri value="Practitioner-minimal-enrollment-Practitioner-Requester.html"/></extension><reference><reference value="Practitioner/minimal-enrollment-Practitioner-Requester"/></reference><name value="minimal-enrollment-Practitioner-Requester"/><exampleBoolean value="true"/><groupingId value="-ex-example"/></resource><resource><extension url="http://hl7.org/fhir/tools/StructureDefinition/resource-sort"><valueInteger value="999999999"/></extension><extension url="http://hl7.org/fhir/StructureDefinition/implementationguide-page"><valueUri value="ServiceRequest-minimal-enrollment-ServiceRequest.html"/></extension><reference><reference value="ServiceRequest/minimal-enrollment-ServiceRequest"/></reference><name value="minimal-enrollment-ServiceRequest"/><exampleBoolean value="true"/><groupingId value="-ex-example"/></resource><resource><extension url="http://hl7.org/fhir/tools/StructureDefinition/resource-sort"><valueInteger value="999999999"/></extension><extension url="http://hl7.org/fhir/StructureDefinition/implementationguide-page"><valueUri value="Task-minimal-enrollment-Task.html"/></extension><reference><reference value="Task/minimal-enrollment-Task"/></reference><name value="minimal-enrollment-Task"/><exampleBoolean value="true"/><groupingId value="-ex-example"/></resource><resource><extension url="http://hl7.org/fhir/tools/StructureDefinition/resource-sort"><valueInteger value="999999999"/></extension><extension url="http://hl7.org/fhir/StructureDefinition/implementationguide-page"><valueUri value="CareTeam-nl-core-CareTeam-01.html"/></extension><reference><reference value="CareTeam/nl-core-CareTeam-01"/></reference><name value="nl-core-CareTeam-01"/><exampleBoolean value="true"/><groupingId value="-ex-example"/></resource><resource><extension url="http://hl7.org/fhir/tools/StructureDefinition/resource-sort"><valueInteger value="999999999"/></extension><extension url="http://hl7.org/fhir/StructureDefinition/implementationguide-page"><valueUri value="Condition-nl-core-CareTeam-01-Condition-01.html"/></extension><reference><reference value="Condition/nl-core-CareTeam-01-Condition-01"/></reference><name value="nl-core-CareTeam-01-Condition-01"/><exampleBoolean value="true"/><groupingId value="-ex-example"/></resource><resource><extension url="http://hl7.org/fhir/tools/StructureDefinition/resource-sort"><valueInteger value="999999999"/></extension><extension url="http://hl7.org/fhir/StructureDefinition/implementationguide-page"><valueUri value="Condition-nl-core-CareTeam-01-Condition-02.html"/></extension><reference><reference value="Condition/nl-core-CareTeam-01-Condition-02"/></reference><name value="nl-core-CareTeam-01-Condition-02"/><exampleBoolean value="true"/><groupingId value="-ex-example"/></resource><resource><extension url="http://hl7.org/fhir/tools/StructureDefinition/resource-sort"><valueInteger value="999999999"/></extension><extension url="http://hl7.org/fhir/StructureDefinition/implementationguide-page"><valueUri value="Condition-nl-core-CareTeam-01-Condition-03.html"/></extension><reference><reference value="Condition/nl-core-CareTeam-01-Condition-03"/></reference><name value="nl-core-CareTeam-01-Condition-03"/><exampleBoolean value="true"/><groupingId value="-ex-example"/></resource><resource><extension url="http://hl7.org/fhir/tools/StructureDefinition/resource-sort"><valueInteger value="999999999"/></extension><extension url="http://hl7.org/fhir/StructureDefinition/implementationguide-page"><valueUri value="Patient-nl-core-CareTeam-01-Patient-01.html"/></extension><reference><reference value="Patient/nl-core-CareTeam-01-Patient-01"/></reference><name value="nl-core-CareTeam-01-Patient-01"/><exampleBoolean value="true"/><groupingId value="-ex-example"/></resource><resource><extension url="http://hl7.org/fhir/tools/StructureDefinition/resource-sort"><valueInteger value="999999999"/></extension><extension url="http://hl7.org/fhir/StructureDefinition/implementationguide-page"><valueUri value="Practitioner-nl-core-CareTeam-01-Practitioner-01.html"/></extension><reference><reference value="Practitioner/nl-core-CareTeam-01-Practitioner-01"/></reference><name value="nl-core-CareTeam-01-Practitioner-01"/><exampleBoolean value="true"/><groupingId value="-ex-example"/></resource><resource><extension url="http://hl7.org/fhir/tools/StructureDefinition/resource-sort"><valueInteger value="999999999"/></extension><extension url="http://hl7.org/fhir/StructureDefinition/implementationguide-page"><valueUri value="Practitioner-nl-core-CareTeam-01-Practitioner-02.html"/></extension><reference><reference value="Practitioner/nl-core-CareTeam-01-Practitioner-02"/></reference><name value="nl-core-CareTeam-01-Practitioner-02"/><exampleBoolean value="true"/><groupingId value="-ex-example"/></resource><resource><extension url="http://hl7.org/fhir/tools/StructureDefinition/resource-sort"><valueInteger value="999999999"/></extension><extension url="http://hl7.org/fhir/StructureDefinition/implementationguide-page"><valueUri value="Practitioner-nl-core-CareTeam-01-Practitioner-03.html"/></extension><reference><reference value="Practitioner/nl-core-CareTeam-01-Practitioner-03"/></reference><name value="nl-core-CareTeam-01-Practitioner-03"/><exampleBoolean value="true"/><groupingId value="-ex-example"/></resource><resource><extension url="http://hl7.org/fhir/tools/StructureDefinition/resource-sort"><valueInteger value="999999999"/></extension><extension url="http://hl7.org/fhir/StructureDefinition/implementationguide-page"><valueUri value="Practitioner-nl-core-CareTeam-01-Practitioner-04.html"/></extension><reference><reference value="Practitioner/nl-core-CareTeam-01-Practitioner-04"/></reference><name value="nl-core-CareTeam-01-Practitioner-04"/><exampleBoolean value="true"/><groupingId value="-ex-example"/></resource><resource><extension url="http://hl7.org/fhir/tools/StructureDefinition/resource-sort"><valueInteger value="999999999"/></extension><extension url="http://hl7.org/fhir/StructureDefinition/implementationguide-page"><valueUri value="Practitioner-nl-core-CareTeam-01-Practitioner-05.html"/></extension><reference><reference value="Practitioner/nl-core-CareTeam-01-Practitioner-05"/></reference><name value="nl-core-CareTeam-01-Practitioner-05"/><exampleBoolean value="true"/><groupingId value="-ex-example"/></resource><resource><extension url="http://hl7.org/fhir/tools/StructureDefinition/resource-sort"><valueInteger value="999999999"/></extension><extension url="http://hl7.org/fhir/StructureDefinition/implementationguide-page"><valueUri value="Practitioner-nl-core-CareTeam-01-Practitioner-06.html"/></extension><reference><reference value="Practitioner/nl-core-CareTeam-01-Practitioner-06"/></reference><name value="nl-core-CareTeam-01-Practitioner-06"/><exampleBoolean value="true"/><groupingId value="-ex-example"/></resource><resource><extension url="http://hl7.org/fhir/tools/StructureDefinition/resource-sort"><valueInteger value="999999999"/></extension><extension url="http://hl7.org/fhir/StructureDefinition/implementationguide-page"><valueUri value="PractitionerRole-nl-core-CareTeam-01-PractitionerRole-01.html"/></extension><reference><reference value="PractitionerRole/nl-core-CareTeam-01-PractitionerRole-01"/></reference><name value="nl-core-CareTeam-01-PractitionerRole-01"/><exampleBoolean value="true"/><groupingId value="-ex-example"/></resource><resource><extension url="http://hl7.org/fhir/tools/StructureDefinition/resource-sort"><valueInteger value="999999999"/></extension><extension url="http://hl7.org/fhir/StructureDefinition/implementationguide-page"><valueUri value="PractitionerRole-nl-core-CareTeam-01-PractitionerRole-02.html"/></extension><reference><reference value="PractitionerRole/nl-core-CareTeam-01-PractitionerRole-02"/></reference><name value="nl-core-CareTeam-01-PractitionerRole-02"/><exampleBoolean value="true"/><groupingId value="-ex-example"/></resource><resource><extension url="http://hl7.org/fhir/tools/StructureDefinition/resource-sort"><valueInteger value="999999999"/></extension><extension url="http://hl7.org/fhir/StructureDefinition/implementationguide-page"><valueUri value="PractitionerRole-nl-core-CareTeam-01-PractitionerRole-03.html"/></extension><reference><reference value="PractitionerRole/nl-core-CareTeam-01-PractitionerRole-03"/></reference><name value="nl-core-CareTeam-01-PractitionerRole-03"/><exampleBoolean value="true"/><groupingId value="-ex-example"/></resource><resource><extension url="http://hl7.org/fhir/tools/StructureDefinition/resource-sort"><valueInteger value="999999999"/></extension><extension url="http://hl7.org/fhir/StructureDefinition/implementationguide-page"><valueUri value="PractitionerRole-nl-core-CareTeam-01-PractitionerRole-04.html"/></extension><reference><reference value="PractitionerRole/nl-core-CareTeam-01-PractitionerRole-04"/></reference><name value="nl-core-CareTeam-01-PractitionerRole-04"/><exampleBoolean value="true"/><groupingId value="-ex-example"/></resource><resource><extension url="http://hl7.org/fhir/tools/StructureDefinition/resource-sort"><valueInteger value="999999999"/></extension><extension url="http://hl7.org/fhir/StructureDefinition/implementationguide-page"><valueUri value="PractitionerRole-nl-core-CareTeam-01-PractitionerRole-05.html"/></extension><reference><reference value="PractitionerRole/nl-core-CareTeam-01-PractitionerRole-05"/></reference><name value="nl-core-CareTeam-01-PractitionerRole-05"/><exampleBoolean value="true"/><groupingId value="-ex-example"/></resource><resource><extension url="http://hl7.org/fhir/tools/StructureDefinition/resource-sort"><valueInteger value="999999999"/></extension><extension url="http://hl7.org/fhir/StructureDefinition/implementationguide-page"><valueUri value="PractitionerRole-nl-core-CareTeam-01-PractitionerRole-06.html"/></extension><reference><reference value="PractitionerRole/nl-core-CareTeam-01-PractitionerRole-06"/></reference><name value="nl-core-CareTeam-01-PractitionerRole-06"/><exampleBoolean value="true"/><groupingId value="-ex-example"/></resource><resource><extension url="http://hl7.org/fhir/tools/StructureDefinition/resource-sort"><valueInteger value="999999999"/></extension><extension url="http://hl7.org/fhir/StructureDefinition/implementationguide-page"><valueUri value="RelatedPerson-nl-core-CareTeam-01-RelatedPerson-01.html"/></extension><reference><reference value="RelatedPerson/nl-core-CareTeam-01-RelatedPerson-01"/></reference><name value="nl-core-CareTeam-01-RelatedPerson-01"/><exampleBoolean value="true"/><groupingId value="-ex-example"/></resource><resource><extension url="http://hl7.org/fhir/tools/StructureDefinition/resource-sort"><valueInteger value="999999999"/></extension><extension url="http://hl7.org/fhir/StructureDefinition/implementationguide-page"><valueUri value="Organization-nl-core-Encounter-01-Organization-01.html"/></extension><reference><reference value="Organization/nl-core-Encounter-01-Organization-01"/></reference><name value="nl-core-Encounter-01-Organization-01"/><exampleBoolean value="true"/><groupingId value="-ex-example"/></resource><resource><extension url="http://hl7.org/fhir/tools/StructureDefinition/resource-sort"><valueInteger value="999999999"/></extension><extension url="http://hl7.org/fhir/StructureDefinition/implementationguide-page"><valueUri value="Organization-nl-core-HealthcareProvider-Organization-01.html"/></extension><reference><reference value="Organization/nl-core-HealthcareProvider-Organization-01"/></reference><name value="nl-core-HealthcareProvider-Organization-01"/><exampleBoolean value="true"/><groupingId value="-ex-example"/></resource><resource><extension url="http://hl7.org/fhir/tools/StructureDefinition/resource-sort"><valueInteger value="999999999"/></extension><extension url="http://hl7.org/fhir/StructureDefinition/implementationguide-page"><valueUri value="Patient-nl-core-Patient-01.html"/></extension><reference><reference value="Patient/nl-core-Patient-01"/></reference><name value="nl-core-Patient-01"/><exampleBoolean value="true"/><groupingId value="-ex-example"/></resource><resource><extension url="http://hl7.org/fhir/tools/StructureDefinition/resource-sort"><valueInteger value="999999999"/></extension><extension url="http://hl7.org/fhir/StructureDefinition/implementationguide-page"><valueUri value="Organization-nl-core-Procedure-01-Organization-01.html"/></extension><reference><reference value="Organization/nl-core-Procedure-01-Organization-01"/></reference><name value="nl-core-Procedure-01-Organization-01"/><exampleBoolean value="true"/><groupingId value="-ex-example"/></resource><page><extension url="http://hl7.org/fhir/tools/StructureDefinition/ig-page-name"><valueUrl value="toc.html"/></extension><nameUrl value="toc.html"/><title value="Table of Contents"/><generation value="html"/><page><extension url="http://hl7.org/fhir/tools/StructureDefinition/ig-page-name"><valueUrl value="index.html"/></extension><nameUrl value="index.html"/><title value="Home"/><generation value="markdown"/></page><page><extension url="http://hl7.org/fhir/tools/StructureDefinition/ig-page-name"><valueUrl value="overview.html"/></extension><nameUrl value="overview.html"/><title value="Overview"/><generation value="markdown"/></page><page><extension url="http://hl7.org/fhir/tools/StructureDefinition/ig-page-name"><valueUrl value="authentication.html"/></extension><nameUrl value="authentication.html"/><title value="Security - Authentication"/><generation value="markdown"/></page><page><extension url="http://hl7.org/fhir/tools/StructureDefinition/ig-page-name"><valueUrl value="authorization.html"/></extension><nameUrl value="authorization.html"/><title value="Security - Authorization"/><generation value="markdown"/></page><page><extension url="http://hl7.org/fhir/tools/StructureDefinition/ig-page-name"><valueUrl value="transaction-task-negotiation.html"/></extension><nameUrl value="transaction-task-negotiation.html"/><title value="Transactions - Creating and responding to a Task"/><generation value="markdown"/></page><page><extension url="http://hl7.org/fhir/tools/StructureDefinition/ig-page-name"><valueUrl value="transaction-careplan-careteam-mngt.html"/></extension><nameUrl value="transaction-careplan-careteam-mngt.html"/><title value="Transactions - Updating CarePlan and CareTeam"/><generation value="markdown"/></page><page><extension url="http://hl7.org/fhir/tools/StructureDefinition/ig-page-name"><valueUrl value="transaction-discovery.html"/></extension><nameUrl value="transaction-discovery.html"/><title value="Transactions - Getting data from CareTeam members"/><generation value="markdown"/></page><page><extension url="http://hl7.org/fhir/tools/StructureDefinition/ig-page-name"><valueUrl value="usecase-enrollment.html"/></extension><nameUrl value="usecase-enrollment.html"/><title value="Use cases - Enroll patient in home monitoring"/><generation value="markdown"/></page><page><extension url="http://hl7.org/fhir/tools/StructureDefinition/ig-page-name"><valueUrl value="usecase-view-all-data.html"/></extension><nameUrl value="usecase-view-all-data.html"/><title value="Use cases - Get data for home monitoring"/><generation value="markdown"/></page><page><extension url="http://hl7.org/fhir/tools/StructureDefinition/ig-page-name"><valueUrl value="usecase-specification.html"/></extension><nameUrl value="usecase-specification.html"/><title value="Use cases - How to use nation-specific or condition-specific profile"/><generation value="markdown"/></page><page><extension url="http://hl7.org/fhir/tools/StructureDefinition/ig-page-name"><valueUrl value="artifacts.html"/></extension><nameUrl value="artifacts.html"/><title value="Artifacts Summary"/><generation value="html"/><page><extension url="http://hl7.org/fhir/tools/StructureDefinition/ig-page-name"><valueUrl value="StructureDefinition-scp-plan.html"/></extension><nameUrl value="StructureDefinition-scp-plan.html"/><title value="Shared Care Planning PlanDefinition"/><generation value="generated"/></page><page><extension url="http://hl7.org/fhir/tools/StructureDefinition/ig-page-name"><valueUrl value="Bundle-minimal-enrollment-Bundle.html"/></extension><nameUrl value="Bundle-minimal-enrollment-Bundle.html"/><title value="Bundle for Minimal Enrollment"/><generation value="generated"/></page><page><extension url="http://hl7.org/fhir/tools/StructureDefinition/ig-page-name"><valueUrl value="CarePlan-minimal-enrollment-CarePlan.html"/></extension><nameUrl value="CarePlan-minimal-enrollment-CarePlan.html"/><title value="CarePlan for Minimal Enrollment"/><generation value="generated"/></page><page><extension url="http://hl7.org/fhir/tools/StructureDefinition/ig-page-name"><valueUrl value="Condition-scp-condition-diabetes.html"/></extension><nameUrl value="Condition-scp-condition-diabetes.html"/><title value="Diabetes Sharon Cynthia Proef"/><generation value="generated"/></page><page><extension url="http://hl7.org/fhir/tools/StructureDefinition/ig-page-name"><valueUrl value="Condition-scp-condition-hypertensie.html"/></extension><nameUrl value="Condition-scp-condition-hypertensie.html"/><title value="Hypertensie Sharon Cynthia Proef"/><generation value="generated"/></page><page><extension url="http://hl7.org/fhir/tools/StructureDefinition/ig-page-name"><valueUrl value="Condition-minimal-enrollment-Condition.html"/></extension><nameUrl value="Condition-minimal-enrollment-Condition.html"/><title value="minimal-enrollment-Condition"/><generation value="generated"/></page><page><extension url="http://hl7.org/fhir/tools/StructureDefinition/ig-page-name"><valueUrl value="Organization-minimal-enrollment-Organization-Performer.html"/></extension><nameUrl value="Organization-minimal-enrollment-Organization-Performer.html"/><title value="minimal-enrollment-Organization-Performer"/><generation value="generated"/></page><page><extension url="http://hl7.org/fhir/tools/StructureDefinition/ig-page-name"><valueUrl value="Organization-minimal-enrollment-Organization-Requester.html"/></extension><nameUrl value="Organization-minimal-enrollment-Organization-Requester.html"/><title value="minimal-enrollment-Organization-Requester"/><generation value="generated"/></page><page><extension url="http://hl7.org/fhir/tools/StructureDefinition/ig-page-name"><valueUrl value="Patient-minimal-enrollment-Patient.html"/></extension><nameUrl value="Patient-minimal-enrollment-Patient.html"/><title value="minimal-enrollment-Patient"/><generation value="generated"/></page><page><extension url="http://hl7.org/fhir/tools/StructureDefinition/ig-page-name"><valueUrl value="Practitioner-minimal-enrollment-Practitioner-HP.html"/></extension><nameUrl value="Practitioner-minimal-enrollment-Practitioner-HP.html"/><title value="minimal-enrollment-Practitioner-HP"/><generation value="generated"/></page><page><extension url="http://hl7.org/fhir/tools/StructureDefinition/ig-page-name"><valueUrl value="Practitioner-minimal-enrollment-Practitioner-Requester.html"/></extension><nameUrl value="Practitioner-minimal-enrollment-Practitioner-Requester.html"/><title value="minimal-enrollment-Practitioner-Requester"/><generation value="generated"/></page><page><extension url="http://hl7.org/fhir/tools/StructureDefinition/ig-page-name"><valueUrl value="ServiceRequest-minimal-enrollment-ServiceRequest.html"/></extension><nameUrl value="ServiceRequest-minimal-enrollment-ServiceRequest.html"/><title value="minimal-enrollment-ServiceRequest"/><generation value="generated"/></page><page><extension url="http://hl7.org/fhir/tools/StructureDefinition/ig-page-name"><valueUrl value="Task-minimal-enrollment-Task.html"/></extension><nameUrl value="Task-minimal-enrollment-Task.html"/><title value="minimal-enrollment-Task"/><generation value="generated"/></page><page><extension url="http://hl7.org/fhir/tools/StructureDefinition/ig-page-name"><valueUrl value="CareTeam-nl-core-CareTeam-01.html"/></extension><nameUrl value="CareTeam-nl-core-CareTeam-01.html"/><title value="nl-core-CareTeam-01"/><generation value="generated"/></page><page><extension url="http://hl7.org/fhir/tools/StructureDefinition/ig-page-name"><valueUrl value="Condition-nl-core-CareTeam-01-Condition-01.html"/></extension><nameUrl value="Condition-nl-core-CareTeam-01-Condition-01.html"/><title value="nl-core-CareTeam-01-Condition-01"/><generation value="generated"/></page><page><extension url="http://hl7.org/fhir/tools/StructureDefinition/ig-page-name"><valueUrl value="Condition-nl-core-CareTeam-01-Condition-02.html"/></extension><nameUrl value="Condition-nl-core-CareTeam-01-Condition-02.html"/><title value="nl-core-CareTeam-01-Condition-02"/><generation value="generated"/></page><page><extension url="http://hl7.org/fhir/tools/StructureDefinition/ig-page-name"><valueUrl value="Condition-nl-core-CareTeam-01-Condition-03.html"/></extension><nameUrl value="Condition-nl-core-CareTeam-01-Condition-03.html"/><title value="nl-core-CareTeam-01-Condition-03"/><generation value="generated"/></page><page><extension url="http://hl7.org/fhir/tools/StructureDefinition/ig-page-name"><valueUrl value="Patient-nl-core-CareTeam-01-Patient-01.html"/></extension><nameUrl value="Patient-nl-core-CareTeam-01-Patient-01.html"/><title value="nl-core-CareTeam-01-Patient-01"/><generation value="generated"/></page><page><extension url="http://hl7.org/fhir/tools/StructureDefinition/ig-page-name"><valueUrl value="Practitioner-nl-core-CareTeam-01-Practitioner-01.html"/></extension><nameUrl value="Practitioner-nl-core-CareTeam-01-Practitioner-01.html"/><title value="nl-core-CareTeam-01-Practitioner-01"/><generation value="generated"/></page><page><extension url="http://hl7.org/fhir/tools/StructureDefinition/ig-page-name"><valueUrl value="Practitioner-nl-core-CareTeam-01-Practitioner-02.html"/></extension><nameUrl value="Practitioner-nl-core-CareTeam-01-Practitioner-02.html"/><title value="nl-core-CareTeam-01-Practitioner-02"/><generation value="generated"/></page><page><extension url="http://hl7.org/fhir/tools/StructureDefinition/ig-page-name"><valueUrl value="Practitioner-nl-core-CareTeam-01-Practitioner-03.html"/></extension><nameUrl value="Practitioner-nl-core-CareTeam-01-Practitioner-03.html"/><title value="nl-core-CareTeam-01-Practitioner-03"/><generation value="generated"/></page><page><extension url="http://hl7.org/fhir/tools/StructureDefinition/ig-page-name"><valueUrl value="Practitioner-nl-core-CareTeam-01-Practitioner-04.html"/></extension><nameUrl value="Practitioner-nl-core-CareTeam-01-Practitioner-04.html"/><title value="nl-core-CareTeam-01-Practitioner-04"/><generation value="generated"/></page><page><extension url="http://hl7.org/fhir/tools/StructureDefinition/ig-page-name"><valueUrl value="Practitioner-nl-core-CareTeam-01-Practitioner-05.html"/></extension><nameUrl value="Practitioner-nl-core-CareTeam-01-Practitioner-05.html"/><title value="nl-core-CareTeam-01-Practitioner-05"/><generation value="generated"/></page><page><extension url="http://hl7.org/fhir/tools/StructureDefinition/ig-page-name"><valueUrl value="Practitioner-nl-core-CareTeam-01-Practitioner-06.html"/></extension><nameUrl value="Practitioner-nl-core-CareTeam-01-Practitioner-06.html"/><title value="nl-core-CareTeam-01-Practitioner-06"/><generation value="generated"/></page><page><extension url="http://hl7.org/fhir/tools/StructureDefinition/ig-page-name"><valueUrl value="PractitionerRole-nl-core-CareTeam-01-PractitionerRole-01.html"/></extension><nameUrl value="PractitionerRole-nl-core-CareTeam-01-PractitionerRole-01.html"/><title value="nl-core-CareTeam-01-PractitionerRole-01"/><generation value="generated"/></page><page><extension url="http://hl7.org/fhir/tools/StructureDefinition/ig-page-name"><valueUrl value="PractitionerRole-nl-core-CareTeam-01-PractitionerRole-02.html"/></extension><nameUrl value="PractitionerRole-nl-core-CareTeam-01-PractitionerRole-02.html"/><title value="nl-core-CareTeam-01-PractitionerRole-02"/><generation value="generated"/></page><page><extension url="http://hl7.org/fhir/tools/StructureDefinition/ig-page-name"><valueUrl value="PractitionerRole-nl-core-CareTeam-01-PractitionerRole-03.html"/></extension><nameUrl value="PractitionerRole-nl-core-CareTeam-01-PractitionerRole-03.html"/><title value="nl-core-CareTeam-01-PractitionerRole-03"/><generation value="generated"/></page><page><extension url="http://hl7.org/fhir/tools/StructureDefinition/ig-page-name"><valueUrl value="PractitionerRole-nl-core-CareTeam-01-PractitionerRole-04.html"/></extension><nameUrl value="PractitionerRole-nl-core-CareTeam-01-PractitionerRole-04.html"/><title value="nl-core-CareTeam-01-PractitionerRole-04"/><generation value="generated"/></page><page><extension url="http://hl7.org/fhir/tools/StructureDefinition/ig-page-name"><valueUrl value="PractitionerRole-nl-core-CareTeam-01-PractitionerRole-05.html"/></extension><nameUrl value="PractitionerRole-nl-core-CareTeam-01-PractitionerRole-05.html"/><title value="nl-core-CareTeam-01-PractitionerRole-05"/><generation value="generated"/></page><page><extension url="http://hl7.org/fhir/tools/StructureDefinition/ig-page-name"><valueUrl value="PractitionerRole-nl-core-CareTeam-01-PractitionerRole-06.html"/></extension><nameUrl value="PractitionerRole-nl-core-CareTeam-01-PractitionerRole-06.html"/><title value="nl-core-CareTeam-01-PractitionerRole-06"/><generation value="generated"/></page><page><extension url="http://hl7.org/fhir/tools/StructureDefinition/ig-page-name"><valueUrl value="RelatedPerson-nl-core-CareTeam-01-RelatedPerson-01.html"/></extension><nameUrl value="RelatedPerson-nl-core-CareTeam-01-RelatedPerson-01.html"/><title value="nl-core-CareTeam-01-RelatedPerson-01"/><generation value="generated"/></page><page><extension url="http://hl7.org/fhir/tools/StructureDefinition/ig-page-name"><valueUrl value="Organization-nl-core-Encounter-01-Organization-01.html"/></extension><nameUrl value="Organization-nl-core-Encounter-01-Organization-01.html"/><title value="nl-core-Encounter-01-Organization-01"/><generation value="generated"/></page><page><extension url="http://hl7.org/fhir/tools/StructureDefinition/ig-page-name"><valueUrl value="Organization-nl-core-HealthcareProvider-Organization-01.html"/></extension><nameUrl value="Organization-nl-core-HealthcareProvider-Organization-01.html"/><title value="nl-core-HealthcareProvider-Organization-01"/><generation value="generated"/></page><page><extension url="http://hl7.org/fhir/tools/StructureDefinition/ig-page-name"><valueUrl value="Patient-nl-core-Patient-01.html"/></extension><nameUrl value="Patient-nl-core-Patient-01.html"/><title value="nl-core-Patient-01"/><generation value="generated"/></page><page><extension url="http://hl7.org/fhir/tools/StructureDefinition/ig-page-name"><valueUrl value="Organization-nl-core-Procedure-01-Organization-01.html"/></extension><nameUrl value="Organization-nl-core-Procedure-01-Organization-01.html"/><title value="nl-core-Procedure-01-Organization-01"/><generation value="generated"/></page><page><extension url="http://hl7.org/fhir/tools/StructureDefinition/ig-page-name"><valueUrl value="CarePlan-scp-plan-diabetes.html"/></extension><nameUrl value="CarePlan-scp-plan-diabetes.html"/><title value="Plan for Diabetes Sharon Cynthia Proef"/><generation value="generated"/></page><page><extension url="http://hl7.org/fhir/tools/StructureDefinition/ig-page-name"><valueUrl value="ServiceRequest-scp-req-bloedpanel.html"/></extension><nameUrl value="ServiceRequest-scp-req-bloedpanel.html"/><title value="Request: Compleet bloedbeeld bepalen"/><generation value="generated"/></page><page><extension url="http://hl7.org/fhir/tools/StructureDefinition/ig-page-name"><valueUrl value="Patient-SharonCynthiaProef.html"/></extension><nameUrl value="Patient-SharonCynthiaProef.html"/><title value="SharonCynthiaProef"/><generation value="generated"/></page><page><extension url="http://hl7.org/fhir/tools/StructureDefinition/ig-page-name"><valueUrl value="PlanDefinition-plan-sds.html"/></extension><nameUrl value="PlanDefinition-plan-sds.html"/><title value="Shwachman Diamond Syndrome PlanDefinition"/><generation value="generated"/></page><page><extension url="http://hl7.org/fhir/tools/StructureDefinition/ig-page-name"><valueUrl value="Task-scp-task-bloedpanel.html"/></extension><nameUrl value="Task-scp-task-bloedpanel.html"/><title value="Taak: Compleet bloedbeeld bepalen"/><generation value="generated"/></page></page></page><parameter><code value="path-resource"/><value value="input/capabilities"/></parameter><parameter><code value="path-resource"/><value value="input/examples"/></parameter><parameter><code value="path-resource"/><value value="input/extensions"/></parameter><parameter><code value="path-resource"/><value value="input/models"/></parameter><parameter><code value="path-resource"/><value value="input/operations"/></parameter><parameter><code value="path-resource"/><value value="input/profiles"/></parameter><parameter><code value="path-resource"/><value value="input/resources"/></parameter><parameter><code value="path-resource"/><value value="input/vocabulary"/></parameter><parameter><code value="path-resource"/><value value="input/maps"/></parameter><parameter><code value="path-resource"/><value value="input/testing"/></parameter><parameter><code value="path-resource"/><value value="input/history"/></parameter><parameter><code value="path-resource"/><value value="fsh-generated/resources"/></parameter><parameter><code value="path-pages"/><value value="template/config"/></parameter><parameter><code value="path-pages"/><value value="input/images"/></parameter><parameter><code value="path-tx-cache"/><value value="input-cache/txcache"/></parameter></definition></ImplementationGuide>