<?xml version="1.0" encoding="UTF-8"?>

<CareTeam xmlns="http://hl7.org/fhir">
  <id value="nl-core-CareTeam-01"/>
  <meta>
    <profile value="http://nictiz.nl/fhir/StructureDefinition/nl-core-CareTeam"/>
  </meta>
  <text>
    <status value="generated"/><div xmlns="http://www.w3.org/1999/xhtml"><p><b>Generated Narrative: CareTeam</b><a name="nl-core-CareTeam-01"> </a></p><div style="display: inline-block; background-color: #d9e0e7; padding: 6px; margin: 4px; border: 1px solid #8da1b4; border-radius: 5px; line-height: 60%"><p style="margin-bottom: 0px">Resource CareTeam &quot;nl-core-CareTeam-01&quot; </p><p style="margin-bottom: 0px">Profile: <a href="https://simplifier.net/resolve?scope=nictiz.fhir.nl.r4.nl-core@0.10.0-beta.1&amp;canonical=http://nictiz.nl/fhir/StructureDefinition/nl-core-CareTeam">nl core CareTeam</a></p></div><p><b>name</b>: Complexe Ouderenzorg</p><blockquote><p><b>participant</b></p><p><b>member</b>: <a href="RelatedPerson-nl-core-CareTeam-01-RelatedPerson-01.html">RelatedPerson/nl-core-CareTeam-01-RelatedPerson-01: Contact person, Jan de Wit</a> &quot; DE WIT&quot;</p></blockquote><blockquote><p><b>participant</b></p><p><b>member</b>: <a href="Patient-nl-core-CareTeam-01-Patient-01.html">Patient/nl-core-CareTeam-01-Patient-01: Patient, Ingrid de Jong-de Wit</a> &quot; DE JONG-DE WIT&quot;</p></blockquote><blockquote><p><b>participant</b></p><p><b>member</b>: <a href="PractitionerRole-nl-core-CareTeam-01-PractitionerRole-01.html">PractitionerRole/nl-core-CareTeam-01-PractitionerRole-01: Healthcare professional (role), W. Klaasen, Huisartsen, niet nader gespecificeerd</a></p></blockquote><blockquote><p><b>participant</b></p><p><b>member</b>: <a href="PractitionerRole-nl-core-CareTeam-01-PractitionerRole-02.html">PractitionerRole/nl-core-CareTeam-01-PractitionerRole-02: Healthcare professional (role), S. Curie, Medisch specialisten, geriatrie</a></p></blockquote><blockquote><p><b>participant</b></p><p><b>member</b>: <a href="PractitionerRole-nl-core-CareTeam-01-PractitionerRole-03.html">PractitionerRole/nl-core-CareTeam-01-PractitionerRole-03: Healthcare professional (role), R.M. van Heck, Medisch specialisten, cardiologie</a></p></blockquote><blockquote><p><b>participant</b></p><p><b>member</b>: <a href="PractitionerRole-nl-core-CareTeam-01-PractitionerRole-04.html">PractitionerRole/nl-core-CareTeam-01-PractitionerRole-04: Healthcare professional (role), A. Schele, Medisch specialisten, inwendige geneeskunde</a></p></blockquote><blockquote><p><b>participant</b></p><p><b>member</b>: <a href="PractitionerRole-nl-core-CareTeam-01-PractitionerRole-05.html">PractitionerRole/nl-core-CareTeam-01-PractitionerRole-05: Healthcare professional (role), G.F. de Haan, Apothekers</a></p></blockquote><p><b>reasonReference</b>: </p><ul><li><a href="Condition-nl-core-CareTeam-01-Condition-01.html">Condition/nl-core-CareTeam-01-Condition-01: Problem, type: Interpretatie van diagnose</a></li><li><a href="Condition-nl-core-CareTeam-01-Condition-02.html">Condition/nl-core-CareTeam-01-Condition-02: Problem, type: Interpretatie van diagnose</a></li><li><a href="Condition-nl-core-CareTeam-01-Condition-03.html">Condition/nl-core-CareTeam-01-Condition-03: Problem, type: Complicatie</a></li></ul></div>
  </text>
  <name value="Complexe Ouderenzorg"/>
  <participant>
    <member>
      <reference value="RelatedPerson/nl-core-CareTeam-01-RelatedPerson-01"/>
      <type value="RelatedPerson"/>
      <display value="Contact person, Jan de Wit"/>
    </member>
  </participant>
  <participant>
    <member>
      <reference value="Patient/nl-core-CareTeam-01-Patient-01"/>
      <type value="Patient"/>
      <display value="Patient, Ingrid de Jong-de Wit"/>
    </member>
  </participant>
  <participant>
    <member>
      <reference value="PractitionerRole/nl-core-CareTeam-01-PractitionerRole-01"/>
      <type value="PractitionerRole"/>
      <display value="Healthcare professional (role), W. Klaasen, Huisartsen, niet nader gespecificeerd"/>
    </member>
  </participant>
  <participant>
    <member>
      <reference value="PractitionerRole/nl-core-CareTeam-01-PractitionerRole-02"/>
      <type value="PractitionerRole"/>
      <display value="Healthcare professional (role), S. Curie, Medisch specialisten, geriatrie"/>
    </member>
  </participant>
  <participant>
    <member>
      <reference value="PractitionerRole/nl-core-CareTeam-01-PractitionerRole-03"/>
      <type value="PractitionerRole"/>
      <display value="Healthcare professional (role), R.M. van Heck, Medisch specialisten, cardiologie"/>
    </member>
  </participant>
  <participant>
    <member>
      <reference value="PractitionerRole/nl-core-CareTeam-01-PractitionerRole-04"/>
      <type value="PractitionerRole"/>
      <display value="Healthcare professional (role), A. Schele, Medisch specialisten, inwendige geneeskunde"/>
    </member>
  </participant>
  <participant>
    <member>
      <reference value="PractitionerRole/nl-core-CareTeam-01-PractitionerRole-05"/>
      <type value="PractitionerRole"/>
      <display value="Healthcare professional (role), G.F. de Haan, Apothekers"/>
    </member>
  </participant>
  <reasonReference>
    <reference value="Condition/nl-core-CareTeam-01-Condition-01"/>
    <type value="Condition"/>
    <display value="Problem, type: Interpretatie van diagnose"/>
  </reasonReference>
  <reasonReference>
    <reference value="Condition/nl-core-CareTeam-01-Condition-02"/>
    <type value="Condition"/>
    <display value="Problem, type: Interpretatie van diagnose"/>
  </reasonReference>
  <reasonReference>
    <reference value="Condition/nl-core-CareTeam-01-Condition-03"/>
    <type value="Condition"/>
    <display value="Problem, type: Complicatie"/>
  </reasonReference>
</CareTeam>