<?xml version="1.0" encoding="UTF-8"?>

<Condition xmlns="http://hl7.org/fhir">
  <id value="nl-core-CareTeam-01-Condition-03"/>
  <meta>
    <profile value="http://nictiz.nl/fhir/StructureDefinition/nl-core-Problem"/>
  </meta>
  <text>
    <status value="generated"/><div xmlns="http://www.w3.org/1999/xhtml"><p class="res-header-id"><b>Generated Narrative: Condition nl-core-CareTeam-01-Condition-03</b></p><a name="nl-core-CareTeam-01-Condition-03"> </a><a name="hcnl-core-CareTeam-01-Condition-03"> </a><a name="hcnl-core-CareTeam-01-Condition-03-en-US"> </a><p><b>category</b>: <span title="Codes:{http://snomed.info/sct 116223007}">Complicatie</span></p><p><b>code</b>: <span title="Codes:{http://snomed.info/sct 62014003}">Geneesmiddel-interacties</span></p><p><b>subject</b>: <a href="Patient-nl-core-Patient-01.html">Patient, Johanna Petronella Maria (Jo) van Putten-van der Giessen</a></p><p><b>note</b>: Huiduitslag met veel jeuk door medicatie</p></div>
  </text>
  <category>
    <coding>
      <system value="http://snomed.info/sct"/>
      <code value="116223007"/>
      <display value="Complicatie"/>
    </coding>
  </category>
  <code>
    <coding>
      <system value="http://snomed.info/sct"/>
      <code value="62014003"/>
      <display value="Geneesmiddel-interacties"/>
    </coding>
  </code>
  <subject>
    <reference value="Patient/nl-core-Patient-01"/>
    <type value="Patient"/>
    <display value="Patient, Johanna Petronella Maria (Jo) van Putten-van der Giessen"/>
  </subject>
  <note>
    <text value="Huiduitslag met veel jeuk door medicatie"/>
  </note>
</Condition>