<?xml version="1.0" encoding="UTF-8"?>

<Condition xmlns="http://hl7.org/fhir">
  <id value="nl-core-CareTeam-01-Condition-01"/>
  <meta>
    <profile value="http://nictiz.nl/fhir/StructureDefinition/nl-core-Problem"/>
  </meta>
  <text>
    <status value="generated"/><div xmlns="http://www.w3.org/1999/xhtml"><p><b>Generated Narrative: Condition</b><a name="nl-core-CareTeam-01-Condition-01"> </a></p><div style="display: inline-block; background-color: #d9e0e7; padding: 6px; margin: 4px; border: 1px solid #8da1b4; border-radius: 5px; line-height: 60%"><p style="margin-bottom: 0px">Resource Condition &quot;nl-core-CareTeam-01-Condition-01&quot; </p><p style="margin-bottom: 0px">Profile: <code>http://nictiz.nl/fhir/StructureDefinition/nl-core-Problem</code></p></div><p><b>category</b>: Interpretatie van diagnose <span style="background: LightGoldenRodYellow; margin: 4px; border: 1px solid khaki"> (<a href="https://browser.ihtsdotools.org/">SNOMED CT</a>#282291009)</span></p><p><b>code</b>: vasculaire dementie <span style="background: LightGoldenRodYellow; margin: 4px; border: 1px solid khaki"> (<a href="https://browser.ihtsdotools.org/">SNOMED CT</a>#429998004)</span></p><p><b>subject</b>: <a href="Patient-nl-core-Patient-01.html">Patient/nl-core-Patient-01: Patient, Johanna Petronella Maria (Jo) van Putten-van der Giessen</a> &quot; VAN PUTTEN-VAN DER GIESSEN&quot;</p><p><b>note</b>: De laatste weken erg onrustig in de nacht</p></div>
  </text>
  <category>
    <coding>
      <system value="http://snomed.info/sct"/>
      <code value="282291009"/>
      <display value="Interpretatie van diagnose"/>
    </coding>
  </category>
  <code>
    <coding>
      <system value="http://snomed.info/sct"/>
      <code value="429998004"/>
      <display value="vasculaire dementie"/>
    </coding>
  </code>
  <subject>
    <reference value="Patient/nl-core-Patient-01"/>
    <type value="Patient"/>
    <display value="Patient, Johanna Petronella Maria (Jo) van Putten-van der Giessen"/>
  </subject>
  <note>
    <text value="De laatste weken erg onrustig in de nacht"/>
  </note>
</Condition>