<?xml version="1.0" encoding="UTF-8"?>

<Organization xmlns="http://hl7.org/fhir">
  <id value="nl-core-Encounter-01-Organization-01"/>
  <meta>
    <profile value="http://nictiz.nl/fhir/StructureDefinition/nl-core-HealthcareProvider-Organization"/>
  </meta>
  <text>
    <status value="generated"/><div xmlns="http://www.w3.org/1999/xhtml"><p class="res-header-id"><b>Generated Narrative: Organization nl-core-Encounter-01-Organization-01</b></p><a name="nl-core-Encounter-01-Organization-01"> </a><a name="hcnl-core-Encounter-01-Organization-01"> </a><a name="hcnl-core-Encounter-01-Organization-01-en-US"> </a><p><b>type</b>: <span title="Codes:{http://nictiz.nl/fhir/NamingSystem/organization-type V4}">Ziekenhuis</span></p><p><b>name</b>: St. Lucas Andreas Ziekenhuis</p></div>
  </text>
  <type>
    <coding>
      <system value="http://nictiz.nl/fhir/NamingSystem/organization-type"/>
      <code value="V4"/>
      <display value="Ziekenhuis"/>
    </coding>
  </type>
  <name value="St. Lucas Andreas Ziekenhuis"/>
</Organization>