<?xml version="1.0" encoding="UTF-8"?>

<Organization xmlns="http://hl7.org/fhir">
  <id value="nl-core-Procedure-01-Organization-01"/>
  <meta>
    <profile value="http://nictiz.nl/fhir/StructureDefinition/nl-core-HealthcareProvider-Organization"/>
  </meta>
  <text>
    <status value="generated"/><div xmlns="http://www.w3.org/1999/xhtml"><p class="res-header-id"><b>Generated Narrative: Organization nl-core-Procedure-01-Organization-01</b></p><a name="nl-core-Procedure-01-Organization-01"> </a><a name="hcnl-core-Procedure-01-Organization-01"> </a><a name="hcnl-core-Procedure-01-Organization-01-en-US"> </a><p><b>name</b>: UMCG</p></div>
  </text>
  <name value="UMCG"/>
</Organization>