<?xml version="1.0" encoding="UTF-8"?>

<Patient xmlns="http://hl7.org/fhir">
  <id value="nl-core-Patient-01"/>
  <meta>
    <profile value="http://nictiz.nl/fhir/StructureDefinition/nl-core-Patient"/>
  </meta>
  <text>
    <status value="generated"/><div xmlns="http://www.w3.org/1999/xhtml"><p style="border: 1px #661aff solid; background-color: #e6e6ff; padding: 10px;"><b>Jo </b> female, DoB: 1934-04-28 ( id: 111222333)</p><hr/><table class="grid"><tr><td style="background-color: #f3f5da" title="Known status of Patient">Deceased:</td><td>false</td><td style="background-color: #f3f5da" title="Known Marital status of Patient">Marital Status:</td><td><span title="Codes: {http://terminology.hl7.org/CodeSystem/v3-MaritalStatus D}">Divorced</span></td></tr><tr><td style="background-color: #f3f5da" title="Known multipleBirth status of Patient">Multiple Birth:</td><td colspan="3">true</td></tr><tr><td style="background-color: #f3f5da" title="Alternate names (see the one above)">Alt. Name:</td><td colspan="3">Johanna Petronella Maria (Jo) van Putten-van der Giessen(OFFICIAL)</td></tr><tr><td style="background-color: #f3f5da" title="Ways to contact the Patient">Contact Details:</td><td colspan="3"><ul><li><a href="tel:+31611234567">+31611234567</a></li><li><a href="mailto:giesput@myweb.nl">giesput@myweb.nl</a></li><li>1e Jacob van Campenstr 15 Hoogmade 1012 NX Nederland (HOME)</li></ul></td></tr><tr><td style="background-color: #f3f5da" title="Languages spoken">Language:</td><td colspan="3"><span title="Codes: {urn:oid:1.0.639.1 nl}">Nederlands</span></td></tr><tr><td style="background-color: #f3f5da" title="Patient contact">Contact</td><td colspan="3"><ul><li>J.P.M. van Putten-van der Giessen(OFFICIAL)</li><li>Relationships: <span title="Codes: {urn:oid:2.16.840.1.113883.2.4.3.11.22.472 01}">Eerste relatie/contactpersoon</span>, <span title="Codes: {urn:oid:2.16.840.1.113883.2.4.3.11.22.472 07}">Hulpverlener</span></li><li>1e Jacob van Campenstr 15 Hoogmade 1012 NX Nederland (HOME)</li><li><a href="tel:+31611234567">+31611234567</a></li><li><a href="mailto:giesput@myweb.nl">giesput@myweb.nl</a></li></ul></td></tr><tr><td style="background-color: #f3f5da" title="The nationality of the patient.">nationality:</td><td colspan="3"><ul><li>code: <span title="Codes: {urn:oid:2.16.840.1.113883.2.4.4.16.32 0001}">Nederlandse</span></li></ul></td></tr></table></div>
  </text>
  <extension url="http://hl7.org/fhir/StructureDefinition/patient-nationality">
    <extension url="code">
      <valueCodeableConcept>
        <coding>
          <system value="urn:oid:2.16.840.1.113883.2.4.4.16.32"/>
          <code value="0001"/>
          <display value="Nederlandse"/>
        </coding>
      </valueCodeableConcept>
    </extension>
  </extension>
  <identifier>
    <system value="http://fhir.nl/fhir/NamingSystem/bsn"/>
    <value value="111222333"/>
  </identifier>
  <name>
    <use value="official"/>
    <text value="Johanna Petronella Maria (Jo) van Putten-van der Giessen"/>
    <family value="van Putten-van der Giessen">
      <extension url="http://hl7.org/fhir/StructureDefinition/humanname-own-prefix">
        <valueString value="van"/>
      </extension>
      <extension url="http://hl7.org/fhir/StructureDefinition/humanname-own-name">
        <valueString value="Putten"/>
      </extension>
      <extension url="http://hl7.org/fhir/StructureDefinition/humanname-partner-prefix">
        <valueString value="van der"/>
      </extension>
      <extension url="http://hl7.org/fhir/StructureDefinition/humanname-partner-name">
        <valueString value="Giessen"/>
      </extension>
    </family>
    <given value="Johanna">
      <extension url="http://hl7.org/fhir/StructureDefinition/iso21090-EN-qualifier">
        <valueCode value="BR"/>
      </extension>
    </given>
    <given value="Petronella">
      <extension url="http://hl7.org/fhir/StructureDefinition/iso21090-EN-qualifier">
        <valueCode value="BR"/>
      </extension>
    </given>
    <given value="Maria">
      <extension url="http://hl7.org/fhir/StructureDefinition/iso21090-EN-qualifier">
        <valueCode value="BR"/>
      </extension>
    </given>
  </name>
  <name>
    <use value="usual"/>
    <given value="Jo"/>
  </name>
  <telecom>
    <system value="phone">
      <extension url="http://nictiz.nl/fhir/StructureDefinition/ext-CodeSpecification">
        <valueCodeableConcept>
          <coding>
            <system value="http://terminology.hl7.org/CodeSystem/v3-AddressUse"/>
            <code value="MC"/>
            <display value="Mobile Phone"/>
          </coding>
        </valueCodeableConcept>
      </extension>
    </system>
    <value value="+31611234567"/>
  </telecom>
  <telecom>
    <system value="email"/>
    <value value="giesput@myweb.nl"/>
    <use value="home"/>
  </telecom>
  <gender value="female">
    <extension url="http://nictiz.nl/fhir/StructureDefinition/ext-CodeSpecification">
      <valueCodeableConcept>
        <coding>
          <system value="http://terminology.hl7.org/CodeSystem/v3-AdministrativeGender"/>
          <code value="F"/>
          <display value="Female"/>
        </coding>
      </valueCodeableConcept>
    </extension>
  </gender>
  <birthDate value="1934-04-28"/>
  <deceasedBoolean value="false"/>
  <address>
    <extension url="http://nictiz.nl/fhir/StructureDefinition/ext-AddressInformation.AddressType">
      <valueCodeableConcept>
        <coding>
          <system value="http://terminology.hl7.org/CodeSystem/v3-AddressUse"/>
          <code value="HP"/>
          <display value="Primary Home"/>
        </coding>
      </valueCodeableConcept>
    </extension>
    <use value="home"/>
    <type value="both"/>
    <line value="1e Jacob van Campenstr 15">
      <extension url="http://hl7.org/fhir/StructureDefinition/iso21090-ADXP-streetName">
        <valueString value="1e Jacob van Campenstr"/>
      </extension>
      <extension url="http://hl7.org/fhir/StructureDefinition/iso21090-ADXP-houseNumber">
        <valueString value="15"/>
      </extension>
    </line>
    <city value="Hoogmade"/>
    <district value="Kaag en Braassem"/>
    <postalCode value="1012 NX"/>
    <country value="Nederland">
      <extension url="http://nictiz.nl/fhir/StructureDefinition/ext-CodeSpecification">
        <valueCodeableConcept>
          <coding>
            <system value="urn:iso:std:iso:3166"/>
            <version value="2020-10-26T00:00:00"/>
            <code value="NL"/>
            <display value="Nederland"/>
          </coding>
        </valueCodeableConcept>
      </extension>
    </country>
  </address>
  <maritalStatus>
    <coding>
      <system value="http://terminology.hl7.org/CodeSystem/v3-MaritalStatus"/>
      <code value="D"/>
      <display value="Divorced"/>
    </coding>
  </maritalStatus>
  <multipleBirthBoolean value="true"/>
  <contact>
    <relationship>
      <coding>
        <system value="urn:oid:2.16.840.1.113883.2.4.3.11.22.472"/>
        <code value="01"/>
        <display value="Eerste relatie/contactpersoon"/>
      </coding>
    </relationship>
    <relationship>
      <coding>
        <system value="urn:oid:2.16.840.1.113883.2.4.3.11.22.472"/>
        <code value="07"/>
        <display value="Hulpverlener"/>
      </coding>
    </relationship>
    <name>
      <use value="official"/>
      <text value="J.P.M. van Putten-van der Giessen"/>
      <family value="van Putten-van der Giessen">
        <extension url="http://hl7.org/fhir/StructureDefinition/humanname-own-prefix">
          <valueString value="van"/>
        </extension>
        <extension url="http://hl7.org/fhir/StructureDefinition/humanname-own-name">
          <valueString value="Putten"/>
        </extension>
        <extension url="http://hl7.org/fhir/StructureDefinition/humanname-partner-prefix">
          <valueString value="van der"/>
        </extension>
        <extension url="http://hl7.org/fhir/StructureDefinition/humanname-partner-name">
          <valueString value="Giessen"/>
        </extension>
      </family>
      <given value="J.">
        <extension url="http://hl7.org/fhir/StructureDefinition/iso21090-EN-qualifier">
          <valueCode value="IN"/>
        </extension>
      </given>
      <given value="P.">
        <extension url="http://hl7.org/fhir/StructureDefinition/iso21090-EN-qualifier">
          <valueCode value="IN"/>
        </extension>
      </given>
      <given value="M.">
        <extension url="http://hl7.org/fhir/StructureDefinition/iso21090-EN-qualifier">
          <valueCode value="IN"/>
        </extension>
      </given>
    </name>
    <telecom>
      <system value="phone">
        <extension url="http://nictiz.nl/fhir/StructureDefinition/ext-CodeSpecification">
          <valueCodeableConcept>
            <coding>
              <system value="http://terminology.hl7.org/CodeSystem/v3-AddressUse"/>
              <code value="MC"/>
              <display value="Mobile Phone"/>
            </coding>
          </valueCodeableConcept>
        </extension>
      </system>
      <value value="+31611234567"/>
    </telecom>
    <telecom>
      <system value="email"/>
      <value value="giesput@myweb.nl"/>
      <use value="work"/>
    </telecom>
    <address>
      <extension url="http://nictiz.nl/fhir/StructureDefinition/ext-AddressInformation.AddressType">
        <valueCodeableConcept>
          <coding>
            <system value="http://terminology.hl7.org/CodeSystem/v3-AddressUse"/>
            <code value="HP"/>
            <display value="Primary Home"/>
          </coding>
        </valueCodeableConcept>
      </extension>
      <use value="home"/>
      <type value="both"/>
      <line value="1e Jacob van Campenstr 15">
        <extension url="http://hl7.org/fhir/StructureDefinition/iso21090-ADXP-streetName">
          <valueString value="1e Jacob van Campenstr"/>
        </extension>
        <extension url="http://hl7.org/fhir/StructureDefinition/iso21090-ADXP-houseNumber">
          <valueString value="15"/>
        </extension>
      </line>
      <city value="Hoogmade"/>
      <district value="Kaag en Braassem"/>
      <postalCode value="1012 NX"/>
      <country value="Nederland">
        <extension url="http://nictiz.nl/fhir/StructureDefinition/ext-CodeSpecification">
          <valueCodeableConcept>
            <coding>
              <system value="urn:oid:2.16.840.1.113883.2.4.4.16.34"/>
              <version value="2020-04-01T00:00:00"/>
              <code value="6030"/>
              <display value="Nederland"/>
            </coding>
          </valueCodeableConcept>
        </extension>
      </country>
    </address>
  </contact>
  <communication>
    <extension url="http://hl7.org/fhir/StructureDefinition/patient-proficiency">
      <extension url="level">
        <valueCoding>
          <system value="http://terminology.hl7.org/CodeSystem/v3-LanguageAbilityProficiency"/>
          <code value="G"/>
          <display value="Good"/>
        </valueCoding>
      </extension>
      <extension url="type">
        <valueCoding>
          <system value="http://terminology.hl7.org/CodeSystem/v3-LanguageAbilityMode"/>
          <code value="RSP"/>
          <display value="Received spoken"/>
        </valueCoding>
      </extension>
    </extension>
    <extension url="http://hl7.org/fhir/StructureDefinition/patient-proficiency">
      <extension url="level">
        <valueCoding>
          <system value="http://terminology.hl7.org/CodeSystem/v3-LanguageAbilityProficiency"/>
          <code value="F"/>
          <display value="Fair"/>
        </valueCoding>
      </extension>
      <extension url="type">
        <valueCoding>
          <system value="http://terminology.hl7.org/CodeSystem/v3-LanguageAbilityMode"/>
          <code value="ESP"/>
          <display value="Expressed spoken"/>
        </valueCoding>
      </extension>
    </extension>
    <extension url="http://hl7.org/fhir/StructureDefinition/patient-proficiency">
      <extension url="level">
        <valueCoding>
          <system value="http://terminology.hl7.org/CodeSystem/v3-LanguageAbilityProficiency"/>
          <code value="G"/>
          <display value="Good"/>
        </valueCoding>
      </extension>
      <extension url="type">
        <valueCoding>
          <system value="http://terminology.hl7.org/CodeSystem/v3-LanguageAbilityMode"/>
          <code value="RWR"/>
          <display value="Received written"/>
        </valueCoding>
      </extension>
    </extension>
    <extension url="http://nictiz.nl/fhir/StructureDefinition/ext-Comment">
      <valueString value="Bij gesprek met arts zoon uitnodigen voor vertalen"/>
    </extension>
    <language>
      <coding>
        <system value="urn:oid:1.0.639.1"/>
        <code value="nl"/>
        <display value="Nederlands"/>
      </coding>
    </language>
  </communication>
</Patient>