<?xml version="1.0" encoding="UTF-8"?>

<PlanDefinition xmlns="http://hl7.org/fhir">
  <id value="plan-sds"/>
  <meta>
    <profile value="http://santeonnl.github.io/shared-care-planning/StructureDefinition/scp-plan"/>
  </meta>
  <text>
    <status value="generated"/><div xmlns="http://www.w3.org/1999/xhtml"><p class="res-header-id"><b>Generated Narrative: PlanDefinition plan-sds</b></p><a name="plan-sds"> </a><a name="hcplan-sds"> </a><a name="hcplan-sds-en-US"> </a><p><b>url</b>: <a href="PlanDefinition-plan-sds.html">PlanDefinition Shwachman Diamond Syndrome Management</a></p><p><b>version</b>: 0.1.0</p><p><b>title</b>: Shwachman Diamond Syndrome Management</p><p><b>type</b>: <span title="Codes:{http://terminology.hl7.org/CodeSystem/plan-definition-type clinical-protocol}">Clinical Protocol</span></p><p><b>status</b>: Draft</p><p><b>subject</b>: <span title="Codes:{http://hl7.org/fhir/resource-types Patient}">Patient</span></p><p><b>date</b>: 2021-01-14</p><p><b>publisher</b>: Santeon</p><p><b>contact</b>: Santeon: <a href="https://www.santeon.nl">https://www.santeon.nl</a></p><p><b>description</b>: </p><div><p>Shwachman Diamond Syndrome management plan.</p>
</div><p><b>topic</b>: <span title="Codes:{http://terminology.hl7.org/CodeSystem/definition-topic treatment}">Treatment</span></p><blockquote><p><b>relatedArtifact</b></p></blockquote><h3>Goals</h3><table class="grid"><tr><td style="display: none">-</td><td><b>Description</b></td><td><b>Addresses</b></td></tr><tr><td style="display: none">*</td><td><span title="Codes:">Shwachman Diamond Syndrome management</span></td><td><span title="Codes:{http://www.orpha.net ORPHA:811}">Shwachman-Diamond syndrome</span></td></tr></table><blockquote><p><b>action</b></p><p><b>title</b>: Neutropenia</p><p><b>definition</b>: <a href="https://simplifier.net/resolve?scope=nictiz.fhir.nl.r4.nl-core@0.10.0-beta.1&amp;canonical=https://rarecare.world/fhir/PlanDefinition/neutropenia">https://rarecare.world/fhir/PlanDefinition/neutropenia</a></p></blockquote><blockquote><p><b>action</b></p><p><b>title</b>: Pancreas Insufficiency</p><p><b>definition</b>: <a href="https://simplifier.net/resolve?scope=nictiz.fhir.nl.r4.nl-core@0.10.0-beta.1&amp;canonical=https://rarecare.world/fhir/PlanDefinition/pancreas-insufficiency">https://rarecare.world/fhir/PlanDefinition/pancreas-insufficiency</a></p></blockquote><blockquote><p><b>action</b></p><p><b>title</b>: Developmental disability</p><p><b>definition</b>: <a href="https://simplifier.net/resolve?scope=nictiz.fhir.nl.r4.nl-core@0.10.0-beta.1&amp;canonical=https://rarecare.world/fhir/PlanDefinition/developmental-disability">https://rarecare.world/fhir/PlanDefinition/developmental-disability</a></p></blockquote><blockquote><p><b>action</b></p><p><b>title</b>: Vragenlijst participatie voor Shwachman Diamond Syndroom</p><p><b>definition</b>: <a href="https://simplifier.net/resolve?scope=nictiz.fhir.nl.r4.nl-core@0.10.0-beta.1&amp;canonical=https://rarecare.world/fhir/Questionnaire/shwachman-diamond-syndrome">https://rarecare.world/fhir/Questionnaire/shwachman-diamond-syndrome</a></p></blockquote></div>
  </text>
  <url value="https://rarecare.world/fhir/PlanDefinition/shwachman-diamond-syndrome"/>
  <version value="0.1.0"/>
  <title value="Shwachman Diamond Syndrome Management"/>
  <type>
    <coding>
      <system value="http://terminology.hl7.org/CodeSystem/plan-definition-type"/>
      <code value="clinical-protocol"/>
    </coding>
  </type>
  <status value="draft"/>
  <subjectCodeableConcept>
    <coding>
      <system value="http://hl7.org/fhir/resource-types"/>
      <code value="Patient"/>
    </coding>
  </subjectCodeableConcept>
  <date value="2021-01-14"/>
  <publisher value="Santeon"/>
  <contact>
    <name value="Santeon"/>
    <telecom>
      <system value="url"/>
      <value value="https://www.santeon.nl"/>
    </telecom>
  </contact>
  <description value="Shwachman Diamond Syndrome management plan."/>
  <topic>
    <coding>
      <system value="http://terminology.hl7.org/CodeSystem/definition-topic"/>
      <code value="treatment"/>
    </coding>
  </topic>
  <relatedArtifact>
    <type value="justification"/>
    <url value="https://rarecare.world/patient-organisation/shwachman-syndrome-support-holland"/>
    <document>
      <url value="https://rarecare.world/patient-organisation/shwachman-syndrome-support-holland"/>
    </document>
  </relatedArtifact>
  <goal>
    <description>
      <text value="Shwachman Diamond Syndrome management"/>
    </description>
    <addresses>
      <coding>
        <system value="http://www.orpha.net"/>
        <code value="ORPHA:811"/>
        <display value="Shwachman-Diamond syndrome"/>
      </coding>
    </addresses>
  </goal>
  <action>
    <title value="Neutropenia"/>
    <definitionCanonical value="https://rarecare.world/fhir/PlanDefinition/neutropenia"/>
  </action>
  <action>
    <title value="Pancreas Insufficiency"/>
    <definitionCanonical value="https://rarecare.world/fhir/PlanDefinition/pancreas-insufficiency"/>
  </action>
  <action>
    <title value="Developmental disability"/>
    <definitionCanonical value="https://rarecare.world/fhir/PlanDefinition/developmental-disability"/>
  </action>
  <action>
    <title value="Vragenlijst participatie voor Shwachman Diamond Syndroom"/>
    <definitionCanonical value="https://rarecare.world/fhir/Questionnaire/shwachman-diamond-syndrome"/>
  </action>
</PlanDefinition>