<?xml version="1.0" encoding="UTF-8"?>

<Practitioner xmlns="http://hl7.org/fhir">
  <id value="nl-core-CareTeam-01-Practitioner-03"/>
  <meta>
    <profile value="http://nictiz.nl/fhir/StructureDefinition/nl-core-HealthProfessional-Practitioner"/>
  </meta>
  <text>
    <status value="generated"/><div xmlns="http://www.w3.org/1999/xhtml"><p class="res-header-id"><b>Generated Narrative: Practitioner nl-core-CareTeam-01-Practitioner-03</b></p><a name="nl-core-CareTeam-01-Practitioner-03"> </a><a name="hcnl-core-CareTeam-01-Practitioner-03"> </a><a name="hcnl-core-CareTeam-01-Practitioner-03-en-US"> </a><p><b>name</b>: R.M. van Heck(Official)</p></div>
  </text>
  <name>
    <use value="official"/>
    <text value="R.M. van Heck"/>
    <family value="van Heck">
      <extension url="http://hl7.org/fhir/StructureDefinition/humanname-own-prefix">
        <valueString value="van"/>
      </extension>
      <extension url="http://hl7.org/fhir/StructureDefinition/humanname-own-name">
        <valueString value="Heck"/>
      </extension>
    </family>
    <given value="R.">
      <extension url="http://hl7.org/fhir/StructureDefinition/iso21090-EN-qualifier">
        <valueCode value="IN"/>
      </extension>
    </given>
    <given value="M.">
      <extension url="http://hl7.org/fhir/StructureDefinition/iso21090-EN-qualifier">
        <valueCode value="IN"/>
      </extension>
    </given>
    <prefix value="Dr."/>
  </name>
</Practitioner>