<?xml version="1.0" encoding="UTF-8"?>

<Practitioner xmlns="http://hl7.org/fhir">
  <id value="nl-core-CareTeam-01-Practitioner-05"/>
  <meta>
    <profile value="http://nictiz.nl/fhir/StructureDefinition/nl-core-HealthProfessional-Practitioner"/>
  </meta>
  <text>
    <status value="generated"/><div xmlns="http://www.w3.org/1999/xhtml"><p class="res-header-id"><b>Generated Narrative: Practitioner nl-core-CareTeam-01-Practitioner-05</b></p><a name="nl-core-CareTeam-01-Practitioner-05"> </a><a name="hcnl-core-CareTeam-01-Practitioner-05"> </a><a name="hcnl-core-CareTeam-01-Practitioner-05-en-US"> </a><p><b>name</b>: G.F. de Haan(Official)</p></div>
  </text>
  <name>
    <use value="official"/>
    <text value="G.F. de Haan"/>
    <family value="de Haan">
      <extension url="http://hl7.org/fhir/StructureDefinition/humanname-own-prefix">
        <valueString value="de"/>
      </extension>
      <extension url="http://hl7.org/fhir/StructureDefinition/humanname-own-name">
        <valueString value="Haan"/>
      </extension>
    </family>
    <given value="G.">
      <extension url="http://hl7.org/fhir/StructureDefinition/iso21090-EN-qualifier">
        <valueCode value="IN"/>
      </extension>
    </given>
    <given value="F.">
      <extension url="http://hl7.org/fhir/StructureDefinition/iso21090-EN-qualifier">
        <valueCode value="IN"/>
      </extension>
    </given>
    <prefix value="Drs."/>
  </name>
</Practitioner>