<?xml version="1.0" encoding="UTF-8"?>

<PractitionerRole xmlns="http://hl7.org/fhir">
  <id value="nl-core-CareTeam-01-PractitionerRole-02"/>
  <meta>
    <profile value="http://nictiz.nl/fhir/StructureDefinition/nl-core-HealthProfessional-PractitionerRole"/>
  </meta>
  <text>
    <status value="generated"/><div xmlns="http://www.w3.org/1999/xhtml"><p class="res-header-id"><b>Generated Narrative: PractitionerRole nl-core-CareTeam-01-PractitionerRole-02</b></p><a name="nl-core-CareTeam-01-PractitionerRole-02"> </a><a name="hcnl-core-CareTeam-01-PractitionerRole-02"> </a><a name="hcnl-core-CareTeam-01-PractitionerRole-02-en-US"> </a><p><b>practitioner</b>: <a href="Practitioner-nl-core-CareTeam-01-Practitioner-02.html">Healthcare professional (person), S. Curie</a></p><p><b>specialty</b>: <span title="Codes:{urn:oid:2.16.840.1.113883.2.4.6.7 0335}">Medisch specialisten, geriatrie</span></p></div>
  </text>
  <practitioner>
    <reference value="Practitioner/nl-core-CareTeam-01-Practitioner-02"/>
    <type value="Practitioner"/>
    <display value="Healthcare professional (person), S. Curie"/>
  </practitioner>
  <specialty>
    <coding>
      <system value="urn:oid:2.16.840.1.113883.2.4.6.7"/>
      <version value="2020-10-23T00:00:00"/>
      <code value="0335"/>
      <display value="Medisch specialisten, geriatrie"/>
    </coding>
  </specialty>
</PractitionerRole>