<?xml version="1.0" encoding="UTF-8"?>

<RelatedPerson xmlns="http://hl7.org/fhir">
  <id value="nl-core-CareTeam-01-RelatedPerson-01"/>
  <meta>
    <profile value="http://nictiz.nl/fhir/StructureDefinition/nl-core-ContactPerson"/>
  </meta>
  <text>
    <status value="generated"/><div xmlns="http://www.w3.org/1999/xhtml"><p class="res-header-id"><b>Generated Narrative: RelatedPerson nl-core-CareTeam-01-RelatedPerson-01</b></p><a name="nl-core-CareTeam-01-RelatedPerson-01"> </a><a name="hcnl-core-CareTeam-01-RelatedPerson-01"> </a><a name="hcnl-core-CareTeam-01-RelatedPerson-01-en-US"> </a><p><b>patient</b>: <a href="Patient-nl-core-Patient-01.html">Patient, Johanna Petronella Maria (Jo) van Putten-van der Giessen</a></p><p><b>relationship</b>: <span title="Codes:{urn:oid:2.16.840.1.113883.2.4.3.11.22.472 01}">Eerste relatie/contactpersoon</span>, <span title="Codes:{http://terminology.hl7.org/CodeSystem/v3-RoleCode HUSB}">Husband</span></p><p><b>name</b>: Jan de Wit(Official)</p></div>
  </text>
  <patient>
    <reference value="Patient/nl-core-Patient-01"/>
    <type value="Patient"/>
    <display value="Patient, Johanna Petronella Maria (Jo) van Putten-van der Giessen"/>
  </patient>
  <relationship>
    <coding>
      <system value="urn:oid:2.16.840.1.113883.2.4.3.11.22.472"/>
      <code value="01"/>
      <display value="Eerste relatie/contactpersoon"/>
    </coding>
  </relationship>
  <relationship>
    <coding>
      <system value="http://terminology.hl7.org/CodeSystem/v3-RoleCode"/>
      <code value="HUSB"/>
      <display value="Husband"/>
    </coding>
  </relationship>
  <name>
    <use value="official"/>
    <text value="Jan de Wit"/>
    <family value="de Wit">
      <extension url="http://hl7.org/fhir/StructureDefinition/humanname-own-prefix">
        <valueString value="de"/>
      </extension>
      <extension url="http://hl7.org/fhir/StructureDefinition/humanname-own-name">
        <valueString value="Wit"/>
      </extension>
    </family>
    <given value="Jan">
      <extension url="http://hl7.org/fhir/StructureDefinition/iso21090-EN-qualifier">
        <valueCode value="BR"/>
      </extension>
    </given>
  </name>
</RelatedPerson>