{
  "resourceType" : "CarePlan",
  "id" : "scp-plan-diabetes",
  "text" : {
    "status" : "generated",
    "div" : "<div xmlns=\"http://www.w3.org/1999/xhtml\"><p><b>Generated Narrative: CarePlan</b><a name=\"scp-plan-diabetes\"> </a><a name=\"hcscp-plan-diabetes\"> </a></p><div style=\"display: inline-block; background-color: #d9e0e7; padding: 6px; margin: 4px; border: 1px solid #8da1b4; border-radius: 5px; line-height: 60%\"><p style=\"margin-bottom: 0px\">Resource CarePlan &quot;scp-plan-diabetes&quot; </p></div><p><b>status</b>: draft</p><p><b>intent</b>: plan</p><p><b>title</b>: Plan voor behandeling Diabetes Sharon Cynthia Proef</p><p><b>subject</b>: <a href=\"Patient-SharonCynthiaProef.html\">Patient/SharonCynthiaProef</a> &quot; PROEF&quot;</p><p><b>addresses</b>: <a href=\"Condition-scp-condition-diabetes.html\">Condition/scp-condition-diabetes</a></p></div>"
  },
  "status" : "draft",
  "intent" : "plan",
  "title" : "Plan voor behandeling Diabetes Sharon Cynthia Proef",
  "subject" : {
    "reference" : "Patient/SharonCynthiaProef"
  },
  "addresses" : [{
    "reference" : "Condition/scp-condition-diabetes"
  }]
}