{
  "resourceType" : "Condition",
  "id" : "nl-core-CareTeam-01-Condition-02",
  "meta" : {
    "profile" : ["http://nictiz.nl/fhir/StructureDefinition/nl-core-Problem"]
  },
  "text" : {
    "status" : "generated",
    "div" : "<div xmlns=\"http://www.w3.org/1999/xhtml\"><p><b>Generated Narrative: Condition</b><a name=\"nl-core-CareTeam-01-Condition-02\"> </a></p><div style=\"display: inline-block; background-color: #d9e0e7; padding: 6px; margin: 4px; border: 1px solid #8da1b4; border-radius: 5px; line-height: 60%\"><p style=\"margin-bottom: 0px\">Resource Condition &quot;nl-core-CareTeam-01-Condition-02&quot; </p><p style=\"margin-bottom: 0px\">Profile: <code>http://nictiz.nl/fhir/StructureDefinition/nl-core-Problem</code></p></div><p><b>category</b>: Interpretatie van diagnose <span style=\"background: LightGoldenRodYellow; margin: 4px; border: 1px solid khaki\"> (<a href=\"https://browser.ihtsdotools.org/\">SNOMED CT</a>#282291009)</span></p><p><b>code</b>: Hartfalen <span style=\"background: LightGoldenRodYellow; margin: 4px; border: 1px solid khaki\"> (<a href=\"https://browser.ihtsdotools.org/\">SNOMED CT</a>#195111005)</span></p><p><b>subject</b>: <a href=\"Patient-nl-core-Patient-01.html\">Patient/nl-core-Patient-01: Patient, Johanna Petronella Maria (Jo) van Putten-van der Giessen</a> &quot; VAN PUTTEN-VAN DER GIESSEN&quot;</p><p><b>note</b>: Houdt veel vocht vast, kortademig</p></div>"
  },
  "category" : [{
    "coding" : [{
      "system" : "http://snomed.info/sct",
      "code" : "282291009",
      "display" : "Interpretatie van diagnose"
    }]
  }],
  "code" : {
    "coding" : [{
      "system" : "http://snomed.info/sct",
      "code" : "195111005",
      "display" : "Hartfalen"
    }]
  },
  "subject" : {
    "reference" : "Patient/nl-core-Patient-01",
    "type" : "Patient",
    "display" : "Patient, Johanna Petronella Maria (Jo) van Putten-van der Giessen"
  },
  "note" : [{
    "text" : "Houdt veel vocht vast, kortademig"
  }]
}