<?xml version="1.0" encoding="UTF-8"?>

<Condition xmlns="http://hl7.org/fhir">
  <id value="scp-condition-hypertensie"/>
  <text>
    <status value="generated"/><div xmlns="http://www.w3.org/1999/xhtml"><p><b>Generated Narrative: Condition</b><a name="scp-condition-hypertensie"> </a></p><div style="display: inline-block; background-color: #d9e0e7; padding: 6px; margin: 4px; border: 1px solid #8da1b4; border-radius: 5px; line-height: 60%"><p style="margin-bottom: 0px">Resource Condition &quot;scp-condition-hypertensie&quot; </p></div><p><b>clinicalStatus</b>: active <span style="background: LightGoldenRodYellow; margin: 4px; border: 1px solid khaki"> ([not stated]#active)</span></p><p><b>code</b>: Hypertensive disorder, systemic arterial (disorder) <span style="background: LightGoldenRodYellow; margin: 4px; border: 1px solid khaki"> (<a href="https://browser.ihtsdotools.org/">SNOMED CT</a>#38341003)</span></p><p><b>subject</b>: <a href="Patient-SharonCynthiaProef.html">Patient/SharonCynthiaProef</a> &quot; PROEF&quot;</p></div>
  </text>
  <clinicalStatus>
    <coding>
      <code value="active"/>
    </coding>
  </clinicalStatus>
  <code>
    <coding>
      <system value="http://snomed.info/sct"/>
      <code value="38341003"/>
      <display value="Hypertensive disorder, systemic arterial (disorder)"/>
    </coding>
  </code>
  <subject>
    <reference value="Patient/SharonCynthiaProef"/>
  </subject>
</Condition>