{
  "resourceType" : "Condition",
  "id" : "scp-condition-hypertensie",
  "text" : {
    "status" : "generated",
    "div" : "<div xmlns=\"http://www.w3.org/1999/xhtml\"><p class=\"res-header-id\"><b>Generated Narrative: Condition scp-condition-hypertensie</b></p><a name=\"scp-condition-hypertensie\"> </a><a name=\"hcscp-condition-hypertensie\"> </a><a name=\"hcscp-condition-hypertensie-en-US\"> </a><p><b>clinicalStatus</b>: <span title=\"Codes:\">active</span></p><p><b>code</b>: <span title=\"Codes:{http://snomed.info/sct 38341003}\">Hypertensive disorder, systemic arterial (disorder)</span></p><p><b>subject</b>: <a href=\"Patient-SharonCynthiaProef.html\">Sharon Cynthia Proef  (no stated gender), DoB Unknown</a></p></div>"
  },
  "clinicalStatus" : {
    "coding" : [{
      "code" : "active"
    }]
  },
  "code" : {
    "coding" : [{
      "system" : "http://snomed.info/sct",
      "code" : "38341003",
      "display" : "Hypertensive disorder, systemic arterial (disorder)"
    }]
  },
  "subject" : {
    "reference" : "Patient/SharonCynthiaProef"
  }
}