{
  "resourceType" : "Condition",
  "id" : "nl-core-CareTeam-01-Condition-03",
  "meta" : {
    "profile" : ["http://nictiz.nl/fhir/StructureDefinition/nl-core-Problem"]
  },
  "text" : {
    "status" : "generated",
    "div" : "<div xmlns=\"http://www.w3.org/1999/xhtml\"><p class=\"res-header-id\"><b>Generated Narrative: Condition nl-core-CareTeam-01-Condition-03</b></p><a name=\"nl-core-CareTeam-01-Condition-03\"> </a><a name=\"hcnl-core-CareTeam-01-Condition-03\"> </a><a name=\"hcnl-core-CareTeam-01-Condition-03-en-US\"> </a><p><b>category</b>: <span title=\"Codes:{http://snomed.info/sct 116223007}\">Complicatie</span></p><p><b>code</b>: <span title=\"Codes:{http://snomed.info/sct 62014003}\">Geneesmiddel-interacties</span></p><p><b>subject</b>: <a href=\"Patient-nl-core-Patient-01.html\">Patient, Johanna Petronella Maria (Jo) van Putten-van der Giessen</a></p><p><b>note</b>: Huiduitslag met veel jeuk door medicatie</p></div>"
  },
  "category" : [{
    "coding" : [{
      "system" : "http://snomed.info/sct",
      "code" : "116223007",
      "display" : "Complicatie"
    }]
  }],
  "code" : {
    "coding" : [{
      "system" : "http://snomed.info/sct",
      "code" : "62014003",
      "display" : "Geneesmiddel-interacties"
    }]
  },
  "subject" : {
    "reference" : "Patient/nl-core-Patient-01",
    "type" : "Patient",
    "display" : "Patient, Johanna Petronella Maria (Jo) van Putten-van der Giessen"
  },
  "note" : [{
    "text" : "Huiduitslag met veel jeuk door medicatie"
  }]
}