<?xml version="1.0" encoding="UTF-8"?>

<Condition xmlns="http://hl7.org/fhir">
  <id value="nl-core-CareTeam-01-Condition-01"/>
  <meta>
    <profile value="http://nictiz.nl/fhir/StructureDefinition/nl-core-Problem"/>
  </meta>
  <text>
    <status value="generated"/><div xmlns="http://www.w3.org/1999/xhtml"><p class="res-header-id"><b>Generated Narrative: Condition nl-core-CareTeam-01-Condition-01</b></p><a name="nl-core-CareTeam-01-Condition-01"> </a><a name="hcnl-core-CareTeam-01-Condition-01"> </a><a name="hcnl-core-CareTeam-01-Condition-01-en-US"> </a><p><b>category</b>: <span title="Codes:{http://snomed.info/sct 282291009}">Interpretatie van diagnose</span></p><p><b>code</b>: <span title="Codes:{http://snomed.info/sct 429998004}">vasculaire dementie</span></p><p><b>subject</b>: <a href="Patient-nl-core-Patient-01.html">Patient, Johanna Petronella Maria (Jo) van Putten-van der Giessen</a></p><p><b>note</b>: De laatste weken erg onrustig in de nacht</p></div>
  </text>
  <category>
    <coding>
      <system value="http://snomed.info/sct"/>
      <code value="282291009"/>
      <display value="Interpretatie van diagnose"/>
    </coding>
  </category>
  <code>
    <coding>
      <system value="http://snomed.info/sct"/>
      <code value="429998004"/>
      <display value="vasculaire dementie"/>
    </coding>
  </code>
  <subject>
    <reference value="Patient/nl-core-Patient-01"/>
    <type value="Patient"/>
    <display value="Patient, Johanna Petronella Maria (Jo) van Putten-van der Giessen"/>
  </subject>
  <note>
    <text value="De laatste weken erg onrustig in de nacht"/>
  </note>
</Condition>