{
  "resourceType" : "Organization",
  "id" : "nl-core-Procedure-01-Organization-01",
  "meta" : {
    "profile" : ["http://nictiz.nl/fhir/StructureDefinition/nl-core-HealthcareProvider-Organization"]
  },
  "text" : {
    "status" : "generated",
    "div" : "<div xmlns=\"http://www.w3.org/1999/xhtml\"><p class=\"res-header-id\"><b>Generated Narrative: Organization nl-core-Procedure-01-Organization-01</b></p><a name=\"nl-core-Procedure-01-Organization-01\"> </a><a name=\"hcnl-core-Procedure-01-Organization-01\"> </a><a name=\"hcnl-core-Procedure-01-Organization-01-en-US\"> </a><p><b>name</b>: UMCG</p></div>"
  },
  "name" : "UMCG"
}