{
  "resourceType" : "Organization",
  "id" : "nl-core-Encounter-01-Organization-01",
  "meta" : {
    "profile" : ["http://nictiz.nl/fhir/StructureDefinition/nl-core-HealthcareProvider-Organization"]
  },
  "text" : {
    "status" : "generated",
    "div" : "<div xmlns=\"http://www.w3.org/1999/xhtml\"><p class=\"res-header-id\"><b>Generated Narrative: Organization nl-core-Encounter-01-Organization-01</b></p><a name=\"nl-core-Encounter-01-Organization-01\"> </a><a name=\"hcnl-core-Encounter-01-Organization-01\"> </a><a name=\"hcnl-core-Encounter-01-Organization-01-en-US\"> </a><p><b>type</b>: <span title=\"Codes:{http://nictiz.nl/fhir/NamingSystem/organization-type V4}\">Ziekenhuis</span></p><p><b>name</b>: St. Lucas Andreas Ziekenhuis</p></div>"
  },
  "type" : [{
    "coding" : [{
      "system" : "http://nictiz.nl/fhir/NamingSystem/organization-type",
      "code" : "V4",
      "display" : "Ziekenhuis"
    }]
  }],
  "name" : "St. Lucas Andreas Ziekenhuis"
}