{
  "resourceType" : "Patient",
  "id" : "SharonCynthiaProef",
  "meta" : {
    "profile" : ["http://nictiz.nl/fhir/StructureDefinition/nl-core-Patient"]
  },
  "text" : {
    "status" : "generated",
    "div" : "<div xmlns=\"http://www.w3.org/1999/xhtml\"><p class=\"res-header-id\"><b>Generated Narrative: Patient SharonCynthiaProef</b></p><a name=\"SharonCynthiaProef\"> </a><a name=\"hcSharonCynthiaProef\"> </a><a name=\"hcSharonCynthiaProef-en-US\"> </a><p style=\"border: 1px #661aff solid; background-color: #e6e6ff; padding: 10px;\">Sharon Cynthia Proef  (no stated gender), DoB Unknown</p><hr/></div>"
  },
  "name" : [{
    "family" : "Proef",
    "given" : ["Sharon Cynthia"]
  }]
}