<?xml version="1.0" encoding="UTF-8"?>

<Patient xmlns="http://hl7.org/fhir">
  <id value="SharonCynthiaProef"/>
  <meta>
    <profile value="http://nictiz.nl/fhir/StructureDefinition/nl-core-Patient"/>
  </meta>
  <text>
    <status value="generated"/><div xmlns="http://www.w3.org/1999/xhtml"><p style="border: 1px #661aff solid; background-color: #e6e6ff; padding: 10px;"><b>Sharon Cynthia Proef </b> (no stated gender), DoB Unknown</p><hr/></div>
  </text>
  <name>
    <family value="Proef"/>
    <given value="Sharon Cynthia"/>
  </name>
</Patient>