<?xml version="1.0" encoding="UTF-8"?>

<Patient xmlns="http://hl7.org/fhir">
  <id value="nl-core-CareTeam-01-Patient-01"/>
  <meta>
    <profile value="http://nictiz.nl/fhir/StructureDefinition/nl-core-Patient"/>
  </meta>
  <text>
    <status value="generated"/><div xmlns="http://www.w3.org/1999/xhtml"><p style="border: 1px #661aff solid; background-color: #e6e6ff; padding: 10px;"><b>Ingrid de Jong-de Wit(Official)</b> (no stated gender), DoB Unknown</p><hr/></div>
  </text>
  <name>
    <use value="official"/>
    <text value="Ingrid de Jong-de Wit"/>
    <family value="de Jong-de Wit">
      <extension url="http://hl7.org/fhir/StructureDefinition/humanname-own-prefix">
        <valueString value="de"/>
      </extension>
      <extension url="http://hl7.org/fhir/StructureDefinition/humanname-own-name">
        <valueString value="Jong"/>
      </extension>
      <extension url="http://hl7.org/fhir/StructureDefinition/humanname-partner-prefix">
        <valueString value="de"/>
      </extension>
      <extension url="http://hl7.org/fhir/StructureDefinition/humanname-partner-name">
        <valueString value="Wit"/>
      </extension>
    </family>
    <given value="Ingrid">
      <extension url="http://hl7.org/fhir/StructureDefinition/iso21090-EN-qualifier">
        <valueCode value="BR"/>
      </extension>
    </given>
  </name>
</Patient>