<?xml version="1.0" encoding="UTF-8"?>

<Practitioner xmlns="http://hl7.org/fhir">
  <id value="nl-core-CareTeam-01-Practitioner-06"/>
  <meta>
    <profile value="http://nictiz.nl/fhir/StructureDefinition/nl-core-HealthProfessional-Practitioner"/>
  </meta>
  <text>
    <status value="generated"/><div xmlns="http://www.w3.org/1999/xhtml"><p><b>Generated Narrative: Practitioner </b><a name="nl-core-CareTeam-01-Practitioner-06"> </a><a name="hcnl-core-CareTeam-01-Practitioner-06"> </a></p><div style="display: inline-block; background-color: #d9e0e7; padding: 6px; margin: 4px; border: 1px solid #8da1b4; border-radius: 5px; line-height: 60%"><p style="margin-bottom: 0px">ResourcePractitioner &quot;nl-core-CareTeam-01-Practitioner-06&quot; </p><p style="margin-bottom: 0px">Profile: <a href="https://simplifier.net/resolve?scope=nictiz.fhir.nl.r4.nl-core@0.10.0-beta.1&amp;canonical=http://nictiz.nl/fhir/StructureDefinition/nl-core-HealthProfessional-Practitioner">nl core HealthProfessional Practitioner</a></p></div><p><b>name</b>: K. van der Linden(Official)</p></div>
  </text>
  <name>
    <use value="official"/>
    <text value="K. van der Linden"/>
    <family value="van der Linden">
      <extension url="http://hl7.org/fhir/StructureDefinition/humanname-own-prefix">
        <valueString value="van der"/>
      </extension>
      <extension url="http://hl7.org/fhir/StructureDefinition/humanname-own-name">
        <valueString value="Linden"/>
      </extension>
    </family>
    <given value="K.">
      <extension url="http://hl7.org/fhir/StructureDefinition/iso21090-EN-qualifier">
        <valueCode value="IN"/>
      </extension>
    </given>
  </name>
</Practitioner>