<?xml version="1.0" encoding="UTF-8"?>

<Practitioner xmlns="http://hl7.org/fhir">
  <id value="nl-core-CareTeam-01-Practitioner-06"/>
  <meta>
    <profile value="http://nictiz.nl/fhir/StructureDefinition/nl-core-HealthProfessional-Practitioner"/>
  </meta>
  <text>
    <status value="generated"/><div xmlns="http://www.w3.org/1999/xhtml"><p class="res-header-id"><b>Generated Narrative: Practitioner nl-core-CareTeam-01-Practitioner-06</b></p><a name="nl-core-CareTeam-01-Practitioner-06"> </a><a name="hcnl-core-CareTeam-01-Practitioner-06"> </a><a name="hcnl-core-CareTeam-01-Practitioner-06-en-US"> </a><p><b>name</b>: K. van der Linden(Official)</p></div>
  </text>
  <name>
    <use value="official"/>
    <text value="K. van der Linden"/>
    <family value="van der Linden">
      <extension url="http://hl7.org/fhir/StructureDefinition/humanname-own-prefix">
        <valueString value="van der"/>
      </extension>
      <extension url="http://hl7.org/fhir/StructureDefinition/humanname-own-name">
        <valueString value="Linden"/>
      </extension>
    </family>
    <given value="K.">
      <extension url="http://hl7.org/fhir/StructureDefinition/iso21090-EN-qualifier">
        <valueCode value="IN"/>
      </extension>
    </given>
  </name>
</Practitioner>