<?xml version="1.0" encoding="UTF-8"?>

<PractitionerRole xmlns="http://hl7.org/fhir">
  <id value="nl-core-CareTeam-01-PractitionerRole-06"/>
  <meta>
    <profile value="http://nictiz.nl/fhir/StructureDefinition/nl-core-HealthProfessional-PractitionerRole"/>
  </meta>
  <text>
    <status value="generated"/><div xmlns="http://www.w3.org/1999/xhtml"><p><b>Generated Narrative: PractitionerRole </b><a name="nl-core-CareTeam-01-PractitionerRole-06"> </a><a name="hcnl-core-CareTeam-01-PractitionerRole-06"> </a></p><div style="display: inline-block; background-color: #d9e0e7; padding: 6px; margin: 4px; border: 1px solid #8da1b4; border-radius: 5px; line-height: 60%"><p style="margin-bottom: 0px">ResourcePractitionerRole &quot;nl-core-CareTeam-01-PractitionerRole-06&quot; </p><p style="margin-bottom: 0px">Profile: <a href="https://simplifier.net/resolve?scope=nictiz.fhir.nl.r4.nl-core@0.10.0-beta.1&amp;canonical=http://nictiz.nl/fhir/StructureDefinition/nl-core-HealthProfessional-PractitionerRole">nl core HealthProfessional PractitionerRole</a></p></div><p><b>practitioner</b>: <a href="Practitioner-nl-core-CareTeam-01-Practitioner-06.html">Practitioner/nl-core-CareTeam-01-Practitioner-06: Healthcare professional (person), K. van der Linden</a> &quot; VAN DER LINDEN&quot;</p></div>
  </text>
  <practitioner>
    <reference value="Practitioner/nl-core-CareTeam-01-Practitioner-06"/>
    <type value="Practitioner"/>
    <display value="Healthcare professional (person), K. van der Linden"/>
  </practitioner>
</PractitionerRole>