{
  "resourceType" : "Practitioner",
  "id" : "nl-core-CareTeam-01-Practitioner-04",
  "meta" : {
    "profile" : ["http://nictiz.nl/fhir/StructureDefinition/nl-core-HealthProfessional-Practitioner"]
  },
  "text" : {
    "status" : "generated",
    "div" : "<div xmlns=\"http://www.w3.org/1999/xhtml\"><p><b>Generated Narrative: Practitioner</b><a name=\"nl-core-CareTeam-01-Practitioner-04\"> </a></p><div style=\"display: inline-block; background-color: #d9e0e7; padding: 6px; margin: 4px; border: 1px solid #8da1b4; border-radius: 5px; line-height: 60%\"><p style=\"margin-bottom: 0px\">Resource Practitioner &quot;nl-core-CareTeam-01-Practitioner-04&quot; </p><p style=\"margin-bottom: 0px\">Profile: <code>http://nictiz.nl/fhir/StructureDefinition/nl-core-HealthProfessional-Practitioner</code></p></div><p><b>name</b>: A. Schele(OFFICIAL)</p></div>"
  },
  "name" : [{
    "use" : "official",
    "text" : "A. Schele",
    "family" : "Schele",
    "_family" : {
      "extension" : [{
        "url" : "http://hl7.org/fhir/StructureDefinition/humanname-own-name",
        "valueString" : "Schele"
      }]
    },
    "given" : ["A."],
    "_given" : [{
      "extension" : [{
        "url" : "http://hl7.org/fhir/StructureDefinition/iso21090-EN-qualifier",
        "valueCode" : "IN"
      }]
    }],
    "prefix" : ["Dr."]
  }]
}