{
  "resourceType" : "Practitioner",
  "id" : "nl-core-CareTeam-01-Practitioner-02",
  "meta" : {
    "profile" : ["http://nictiz.nl/fhir/StructureDefinition/nl-core-HealthProfessional-Practitioner"]
  },
  "text" : {
    "status" : "generated",
    "div" : "<div xmlns=\"http://www.w3.org/1999/xhtml\"><p><b>Generated Narrative: Practitioner</b><a name=\"nl-core-CareTeam-01-Practitioner-02\"> </a><a name=\"hcnl-core-CareTeam-01-Practitioner-02\"> </a></p><div style=\"display: inline-block; background-color: #d9e0e7; padding: 6px; margin: 4px; border: 1px solid #8da1b4; border-radius: 5px; line-height: 60%\"><p style=\"margin-bottom: 0px\">Resource Practitioner &quot;nl-core-CareTeam-01-Practitioner-02&quot; </p><p style=\"margin-bottom: 0px\">Profile: <a href=\"https://simplifier.net/resolve?scope=nictiz.fhir.nl.r4.nl-core@0.10.0-beta.1&amp;canonical=http://nictiz.nl/fhir/StructureDefinition/nl-core-HealthProfessional-Practitioner\">nl core HealthProfessional Practitioner</a></p></div><p><b>name</b>: S. Curie(Official)</p></div>"
  },
  "name" : [{
    "use" : "official",
    "text" : "S. Curie",
    "family" : "Curie",
    "_family" : {
      "extension" : [{
        "url" : "http://hl7.org/fhir/StructureDefinition/humanname-own-name",
        "valueString" : "Curie"
      }]
    },
    "given" : ["S."],
    "_given" : [{
      "extension" : [{
        "url" : "http://hl7.org/fhir/StructureDefinition/iso21090-EN-qualifier",
        "valueCode" : "IN"
      }]
    }],
    "prefix" : ["Dr."]
  }]
}