<?xml version="1.0" encoding="UTF-8"?>

<PractitionerRole xmlns="http://hl7.org/fhir">
  <id value="nl-core-CareTeam-01-PractitionerRole-05"/>
  <meta>
    <profile value="http://nictiz.nl/fhir/StructureDefinition/nl-core-HealthProfessional-PractitionerRole"/>
  </meta>
  <text>
    <status value="generated"/><div xmlns="http://www.w3.org/1999/xhtml"><p><b>Generated Narrative: PractitionerRole</b><a name="nl-core-CareTeam-01-PractitionerRole-05"> </a><a name="hcnl-core-CareTeam-01-PractitionerRole-05"> </a></p><div style="display: inline-block; background-color: #d9e0e7; padding: 6px; margin: 4px; border: 1px solid #8da1b4; border-radius: 5px; line-height: 60%"><p style="margin-bottom: 0px">Resource PractitionerRole &quot;nl-core-CareTeam-01-PractitionerRole-05&quot; </p><p style="margin-bottom: 0px">Profile: <a href="https://simplifier.net/resolve?scope=nictiz.fhir.nl.r4.nl-core@0.10.0-beta.1&amp;canonical=http://nictiz.nl/fhir/StructureDefinition/nl-core-HealthProfessional-PractitionerRole">nl core HealthProfessional PractitionerRole</a></p></div><p><b>practitioner</b>: <a href="Practitioner-nl-core-CareTeam-01-Practitioner-05.html">Practitioner/nl-core-CareTeam-01-Practitioner-05: Healthcare professional (person), G.F. de Haan</a> &quot; DE HAAN&quot;</p><p><b>specialty</b>: Apothekers <span style="background: LightGoldenRodYellow; margin: 4px; border: 1px solid khaki"> (<a href="https://simplifier.net/resolve?scope=nictiz.fhir.nl.r4.zib2020@0.10.0-beta.1&amp;canonical=urn:oid:2.16.840.1.113883.2.4.6.7">COD016-VEKT Vektis Zorgverlenersspecificatie (subberoepsgroep)[2020-10-23T00:00:00]</a>#0200)</span></p></div>
  </text>
  <practitioner>
    <reference value="Practitioner/nl-core-CareTeam-01-Practitioner-05"/>
    <type value="Practitioner"/>
    <display value="Healthcare professional (person), G.F. de Haan"/>
  </practitioner>
  <specialty>
    <coding>
      <system value="urn:oid:2.16.840.1.113883.2.4.6.7"/>
      <version value="2020-10-23T00:00:00"/>
      <code value="0200"/>
      <display value="Apothekers"/>
    </coding>
  </specialty>
</PractitionerRole>