{
  "resourceType" : "Task",
  "id" : "scp-task-bloedpanel",
  "text" : {
    "status" : "generated",
    "div" : "<div xmlns=\"http://www.w3.org/1999/xhtml\"><p><b>Generated Narrative: Task </b><a name=\"scp-task-bloedpanel\"> </a><a name=\"hcscp-task-bloedpanel\"> </a></p><div style=\"display: inline-block; background-color: #d9e0e7; padding: 6px; margin: 4px; border: 1px solid #8da1b4; border-radius: 5px; line-height: 60%\"><p style=\"margin-bottom: 0px\">ResourceTask &quot;scp-task-bloedpanel&quot; </p></div><p><b>status</b>: requested</p><p><b>intent</b>: order</p><p><b>code</b>: Compleet bloedbeeld panel in bloed d.m.v. geautomatiseerde telling <span style=\"background: LightGoldenRodYellow; margin: 4px; border: 1px solid khaki\"> (<a href=\"https://loinc.org/\">LOINC</a>#58410-2)</span></p><p><b>focus</b>: <a href=\"ServiceRequest-scp-req-bloedpanel.html\">ServiceRequest/scp-req-bloedpanel</a></p></div>"
  },
  "status" : "requested",
  "intent" : "order",
  "code" : {
    "coding" : [{
      "system" : "http://loinc.org",
      "code" : "58410-2",
      "display" : "Compleet bloedbeeld panel in bloed d.m.v. geautomatiseerde telling"
    }]
  },
  "focus" : {
    "reference" : "ServiceRequest/scp-req-bloedpanel"
  }
}