{
  "package": "fhir.scp",
  "version": "0.1.0",
  "fhirVersion": "4.0.1",
  "extensions": [],
  "profiles": {
    "PlanDefinition": [
      {
        "url": "http://santeonnl.github.io/shared-care-planning/StructureDefinition/scp-plan",
        "title": "Shared Care Planning PlanDefinition"
      }
    ]
  },
  "usage": {
    "http://hl7.org/fhir/StructureDefinition/elementdefinition-bestpractice": [
      "StructureDefinition.snapshot.element.constraint"
    ],
    "http://hl7.org/fhir/StructureDefinition/elementdefinition-bestpractice-explanation": [
      "StructureDefinition.snapshot.element.constraint"
    ],
    "http://hl7.org/fhir/StructureDefinition/elementdefinition-bindingName": [
      "StructureDefinition.snapshot.element.binding"
    ],
    "http://hl7.org/fhir/StructureDefinition/elementdefinition-maxValueSet": [
      "StructureDefinition.snapshot.element.binding"
    ],
    "http://hl7.org/fhir/StructureDefinition/humanname-own-name": [
      "Bundle.entry.resource.name.family",
      "Patient.contact.name.family",
      "Patient.name.family",
      "Practitioner.name.family",
      "RelatedPerson.name.family"
    ],
    "http://hl7.org/fhir/StructureDefinition/humanname-own-prefix": [
      "Bundle.entry.resource.name.family",
      "Patient.contact.name.family",
      "Patient.name.family",
      "Practitioner.name.family",
      "RelatedPerson.name.family"
    ],
    "http://hl7.org/fhir/StructureDefinition/humanname-partner-name": [
      "Bundle.entry.resource.name.family",
      "Patient.contact.name.family",
      "Patient.name.family"
    ],
    "http://hl7.org/fhir/StructureDefinition/humanname-partner-prefix": [
      "Bundle.entry.resource.name.family",
      "Patient.contact.name.family",
      "Patient.name.family"
    ],
    "http://hl7.org/fhir/StructureDefinition/iso21090-ADXP-houseNumber": [
      "Organization.address.line",
      "Patient.address.line",
      "Patient.contact.address.line"
    ],
    "http://hl7.org/fhir/StructureDefinition/iso21090-ADXP-streetName": [
      "Organization.address.line",
      "Patient.address.line",
      "Patient.contact.address.line"
    ],
    "http://hl7.org/fhir/StructureDefinition/iso21090-EN-qualifier": [
      "Bundle.entry.resource.name.given",
      "Patient.contact.name.given",
      "Patient.name.given",
      "Practitioner.name.given",
      "RelatedPerson.name.given"
    ],
    "http://hl7.org/fhir/StructureDefinition/patient-nationality": [
      "Patient"
    ],
    "http://hl7.org/fhir/StructureDefinition/patient-proficiency": [
      "Patient.communication"
    ],
    "http://hl7.org/fhir/StructureDefinition/structuredefinition-fhir-type": [
      "StructureDefinition.snapshot.element.type"
    ],
    "http://hl7.org/fhir/StructureDefinition/structuredefinition-normative-version": [
      "StructureDefinition.snapshot.element"
    ],
    "http://hl7.org/fhir/StructureDefinition/structuredefinition-standards-status": [
      "StructureDefinition.snapshot.element"
    ],
    "http://hl7.org/fhir/tools/StructureDefinition/ig-internal-dependency": [
      "ImplementationGuide.definition"
    ],
    "http://hl7.org/fhir/tools/StructureDefinition/ig-page-name": [
      "ImplementationGuide.definition.page",
      "ImplementationGuide.definition.page.page"
    ],
    "http://hl7.org/fhir/tools/StructureDefinition/ig-parameter": [
      "ImplementationGuide.definition"
    ],
    "http://hl7.org/fhir/tools/StructureDefinition/implementationguide-dependency-comment": [
      "ImplementationGuide.dependsOn"
    ],
    "http://hl7.org/fhir/tools/StructureDefinition/resource-information": [
      "ImplementationGuide.definition.resource"
    ],
    "http://nictiz.nl/fhir/StructureDefinition/ext-AddressInformation.AddressType": [
      "Organization.address",
      "Patient.address",
      "Patient.contact.address"
    ],
    "http://nictiz.nl/fhir/StructureDefinition/ext-CodeSpecification": [
      "Patient.address.country",
      "Patient.contact.address.country",
      "Patient.contact.telecom.system",
      "Patient.gender",
      "Patient.telecom.system"
    ],
    "http://nictiz.nl/fhir/StructureDefinition/ext-Comment": [
      "Patient.communication"
    ]
  }
}