{
  "resourceType" : "CarePlan",
  "id" : "scp-plan-diabetes",
  "text" : {
    "status" : "generated",
    "div" : "<div xmlns=\"http://www.w3.org/1999/xhtml\"><p><b>Generated Narrative: CarePlan</b><a name=\"scp-plan-diabetes\"> </a></p><div style=\"display: inline-block; background-color: #d9e0e7; padding: 6px; margin: 4px; border: 1px solid #8da1b4; border-radius: 5px; line-height: 60%\"><p style=\"margin-bottom: 0px\">Resource CarePlan &quot;scp-plan-diabetes&quot; </p></div><p><b>status</b>: draft</p><p><b>intent</b>: plan</p><p><b>title</b>: Plan voor behandeling Diabetes Sharon Cynthia Proef</p><p><b>subject</b>: <a href=\"Patient-SharonCynthiaProef.html\">Patient/SharonCynthiaProef</a> &quot; PROEF&quot;</p><p><b>addresses</b>: <a href=\"Condition-scp-condition-diabetes.html\">Condition/scp-condition-diabetes</a></p><p><b>supportingInfo</b>: <a href=\"Condition-scp-condition-hypertensie.html\">Condition/scp-condition-hypertensie</a></p><h3>Activities</h3><table class=\"grid\"><tr><td>-</td><td><b>Reference</b></td></tr><tr><td>*</td><td><a href=\"Task-scp-task-bloedpanel.html\">Task/scp-task-bloedpanel</a></td></tr></table></div>"
  },
  "status" : "draft",
  "intent" : "plan",
  "title" : "Plan voor behandeling Diabetes Sharon Cynthia Proef",
  "subject" : {
    "reference" : "Patient/SharonCynthiaProef"
  },
  "addresses" : [{
    "reference" : "Condition/scp-condition-diabetes"
  }],
  "supportingInfo" : [{
    "reference" : "Condition/scp-condition-hypertensie"
  }],
  "activity" : [{
    "reference" : {
      "reference" : "Task/scp-task-bloedpanel"
    }
  }]
}