{
  "resourceType" : "Condition",
  "id" : "scp-condition-diabetes",
  "text" : {
    "status" : "generated",
    "div" : "<div xmlns=\"http://www.w3.org/1999/xhtml\"><p class=\"res-header-id\"><b>Generated Narrative: Condition scp-condition-diabetes</b></p><a name=\"scp-condition-diabetes\"> </a><a name=\"hcscp-condition-diabetes\"> </a><a name=\"hcscp-condition-diabetes-en-US\"> </a><p><b>clinicalStatus</b>: <span title=\"Codes:\">active</span></p><p><b>code</b>: <span title=\"Codes:{http://snomed.info/sct 73211009}\">Diabetes mellitus (disorder)</span></p><p><b>subject</b>: <a href=\"Patient-SharonCynthiaProef.html\">Sharon Cynthia Proef  (no stated gender), DoB Unknown</a></p><p><b>recorder</b>: <a href=\"Practitioner-nl-core-CareTeam-01-Practitioner-01.html\">Practitioner W. Klaasen(official)</a></p></div>"
  },
  "clinicalStatus" : {
    "coding" : [{
      "code" : "active"
    }]
  },
  "code" : {
    "coding" : [{
      "system" : "http://snomed.info/sct",
      "code" : "73211009",
      "display" : "Diabetes mellitus (disorder)"
    }]
  },
  "subject" : {
    "reference" : "Patient/SharonCynthiaProef"
  },
  "recorder" : {
    "reference" : "Practitioner/nl-core-CareTeam-01-Practitioner-01"
  }
}