{
  "resourceType" : "Condition",
  "id" : "scp-condition-diabetes",
  "text" : {
    "status" : "generated",
    "div" : "<div xmlns=\"http://www.w3.org/1999/xhtml\"><p><b>Generated Narrative: Condition</b><a name=\"scp-condition-diabetes\"> </a></p><div style=\"display: inline-block; background-color: #d9e0e7; padding: 6px; margin: 4px; border: 1px solid #8da1b4; border-radius: 5px; line-height: 60%\"><p style=\"margin-bottom: 0px\">Resource Condition &quot;scp-condition-diabetes&quot; </p></div><p><b>clinicalStatus</b>: active <span style=\"background: LightGoldenRodYellow; margin: 4px; border: 1px solid khaki\"> ([not stated]#active)</span></p><p><b>code</b>: Diabetes mellitus (disorder) <span style=\"background: LightGoldenRodYellow; margin: 4px; border: 1px solid khaki\"> (<a href=\"https://browser.ihtsdotools.org/\">SNOMED CT</a>#73211009)</span></p><p><b>subject</b>: <a href=\"Patient-SharonCynthiaProef.html\">Patient/SharonCynthiaProef</a> &quot; PROEF&quot;</p></div>"
  },
  "clinicalStatus" : {
    "coding" : [{
      "code" : "active"
    }]
  },
  "code" : {
    "coding" : [{
      "system" : "http://snomed.info/sct",
      "code" : "73211009",
      "display" : "Diabetes mellitus (disorder)"
    }]
  },
  "subject" : {
    "reference" : "Patient/SharonCynthiaProef"
  }
}