{
  "resourceType" : "Organization",
  "id" : "nl-core-HealthcareProvider-Organization-01",
  "meta" : {
    "profile" : ["http://nictiz.nl/fhir/StructureDefinition/nl-core-HealthcareProvider-Organization"]
  },
  "text" : {
    "status" : "generated",
    "div" : "<div xmlns=\"http://www.w3.org/1999/xhtml\"><p><b>Generated Narrative: Organization </b><a name=\"nl-core-HealthcareProvider-Organization-01\"> </a><a name=\"hcnl-core-HealthcareProvider-Organization-01\"> </a></p><div style=\"display: inline-block; background-color: #d9e0e7; padding: 6px; margin: 4px; border: 1px solid #8da1b4; border-radius: 5px; line-height: 60%\"><p style=\"margin-bottom: 0px\">ResourceOrganization &quot;nl-core-HealthcareProvider-Organization-01&quot; </p><p style=\"margin-bottom: 0px\">Profile: <a href=\"https://simplifier.net/resolve?scope=nictiz.fhir.nl.r4.nl-core@0.10.0-beta.1&amp;canonical=http://nictiz.nl/fhir/StructureDefinition/nl-core-HealthcareProvider-Organization\">nl core HealthcareProvider Organization</a></p></div><p><b>identifier</b>: Ura/06020806</p><p><b>type</b>: Medisch specialisten, cardiologie <span style=\"background: LightGoldenRodYellow; margin: 4px; border: 1px solid khaki\"> (<a href=\"https://simplifier.net/resolve?scope=nictiz.fhir.nl.r4.zib2020@0.10.0-beta.1&amp;canonical=urn:oid:2.16.840.1.113883.2.4.6.7\">COD016-VEKT Vektis Zorgverlenersspecificatie (subberoepsgroep)[2020-10-23T00:00:00]</a>#0320)</span>, Universitair Medisch Centrum <span style=\"background: LightGoldenRodYellow; margin: 4px; border: 1px solid khaki\"> (<a href=\"https://simplifier.net/resolve?scope=nictiz.fhir.nl.r4.zib2020@0.10.0-beta.1&amp;canonical=http://nictiz.nl/fhir/NamingSystem/organization-type\">RoleCodeNL - zorgaanbiedertype (organisaties)</a>#V5)</span></p><p><b>name</b>: Erasmus Universitair Medisch Centrum</p><p><b>telecom</b>: <a href=\"tel:+31107040704\">+31107040704</a>, <a href=\"mailto:info@erasmus.nl\">info@erasmus.nl</a></p><p><b>address</b>: s-Gravendijkwal 230 Rotterdam 3015 CE (work)</p></div>"
  },
  "identifier" : [{
    "system" : "http://fhir.nl/fhir/NamingSystem/ura",
    "value" : "06020806"
  }],
  "type" : [{
    "coding" : [{
      "system" : "urn:oid:2.16.840.1.113883.2.4.6.7",
      "version" : "2020-10-23T00:00:00",
      "code" : "0320",
      "display" : "Medisch specialisten, cardiologie"
    }]
  },
  {
    "coding" : [{
      "system" : "http://nictiz.nl/fhir/NamingSystem/organization-type",
      "code" : "V5",
      "display" : "Universitair Medisch Centrum"
    }]
  }],
  "name" : "Erasmus Universitair Medisch Centrum",
  "telecom" : [{
    "system" : "phone",
    "value" : "+31107040704",
    "use" : "work"
  },
  {
    "system" : "email",
    "value" : "info@erasmus.nl",
    "use" : "work"
  }],
  "address" : [{
    "extension" : [{
      "url" : "http://nictiz.nl/fhir/StructureDefinition/ext-AddressInformation.AddressType",
      "valueCodeableConcept" : {
        "coding" : [{
          "system" : "http://terminology.hl7.org/CodeSystem/v3-AddressUse",
          "code" : "WP",
          "display" : "Work Place"
        }]
      }
    }],
    "use" : "work",
    "line" : ["s-Gravendijkwal 230"],
    "_line" : [{
      "extension" : [{
        "url" : "http://hl7.org/fhir/StructureDefinition/iso21090-ADXP-streetName",
        "valueString" : "s-Gravendijkwal"
      },
      {
        "url" : "http://hl7.org/fhir/StructureDefinition/iso21090-ADXP-houseNumber",
        "valueString" : "230"
      }]
    }],
    "city" : "Rotterdam",
    "postalCode" : "3015 CE"
  }]
}