{
  "resourceType" : "Organization",
  "id" : "nl-core-Encounter-01-Organization-01",
  "meta" : {
    "profile" : ["http://nictiz.nl/fhir/StructureDefinition/nl-core-HealthcareProvider-Organization"]
  },
  "text" : {
    "status" : "generated",
    "div" : "<div xmlns=\"http://www.w3.org/1999/xhtml\"><p><b>Generated Narrative: Organization </b><a name=\"nl-core-Encounter-01-Organization-01\"> </a><a name=\"hcnl-core-Encounter-01-Organization-01\"> </a></p><div style=\"display: inline-block; background-color: #d9e0e7; padding: 6px; margin: 4px; border: 1px solid #8da1b4; border-radius: 5px; line-height: 60%\"><p style=\"margin-bottom: 0px\">ResourceOrganization &quot;nl-core-Encounter-01-Organization-01&quot; </p><p style=\"margin-bottom: 0px\">Profile: <a href=\"https://simplifier.net/resolve?scope=nictiz.fhir.nl.r4.nl-core@0.10.0-beta.1&amp;canonical=http://nictiz.nl/fhir/StructureDefinition/nl-core-HealthcareProvider-Organization\">nl core HealthcareProvider Organization</a></p></div><p><b>type</b>: Ziekenhuis <span style=\"background: LightGoldenRodYellow; margin: 4px; border: 1px solid khaki\"> (<a href=\"https://simplifier.net/resolve?scope=nictiz.fhir.nl.r4.zib2020@0.10.0-beta.1&amp;canonical=http://nictiz.nl/fhir/NamingSystem/organization-type\">RoleCodeNL - zorgaanbiedertype (organisaties)</a>#V4)</span></p><p><b>name</b>: St. Lucas Andreas Ziekenhuis</p></div>"
  },
  "type" : [{
    "coding" : [{
      "system" : "http://nictiz.nl/fhir/NamingSystem/organization-type",
      "code" : "V4",
      "display" : "Ziekenhuis"
    }]
  }],
  "name" : "St. Lucas Andreas Ziekenhuis"
}