{
  "resourceType" : "Patient",
  "id" : "SharonCynthiaProef",
  "meta" : {
    "profile" : ["http://nictiz.nl/fhir/StructureDefinition/nl-core-Patient"]
  },
  "text" : {
    "status" : "generated",
    "div" : "<div xmlns=\"http://www.w3.org/1999/xhtml\"><p style=\"border: 1px #661aff solid; background-color: #e6e6ff; padding: 10px;\"><b>Sharon Cynthia Proef </b> (no stated gender), DoB Unknown</p><hr/></div>"
  },
  "name" : [{
    "family" : "Proef",
    "given" : ["Sharon Cynthia"]
  }]
}