{
  "resourceType" : "Practitioner",
  "id" : "nl-core-CareTeam-01-Practitioner-04",
  "meta" : {
    "profile" : ["http://nictiz.nl/fhir/StructureDefinition/nl-core-HealthProfessional-Practitioner"]
  },
  "text" : {
    "status" : "generated",
    "div" : "<div xmlns=\"http://www.w3.org/1999/xhtml\"><p class=\"res-header-id\"><b>Generated Narrative: Practitioner nl-core-CareTeam-01-Practitioner-04</b></p><a name=\"nl-core-CareTeam-01-Practitioner-04\"> </a><a name=\"hcnl-core-CareTeam-01-Practitioner-04\"> </a><a name=\"hcnl-core-CareTeam-01-Practitioner-04-en-US\"> </a><p><b>name</b>: A. Schele(Official)</p></div>"
  },
  "name" : [{
    "use" : "official",
    "text" : "A. Schele",
    "family" : "Schele",
    "_family" : {
      "extension" : [{
        "url" : "http://hl7.org/fhir/StructureDefinition/humanname-own-name",
        "valueString" : "Schele"
      }]
    },
    "given" : ["A."],
    "_given" : [{
      "extension" : [{
        "url" : "http://hl7.org/fhir/StructureDefinition/iso21090-EN-qualifier",
        "valueCode" : "IN"
      }]
    }],
    "prefix" : ["Dr."]
  }]
}