{
  "resourceType" : "Practitioner",
  "id" : "nl-core-CareTeam-01-Practitioner-05",
  "meta" : {
    "profile" : ["http://nictiz.nl/fhir/StructureDefinition/nl-core-HealthProfessional-Practitioner"]
  },
  "text" : {
    "status" : "generated",
    "div" : "<div xmlns=\"http://www.w3.org/1999/xhtml\"><p class=\"res-header-id\"><b>Generated Narrative: Practitioner nl-core-CareTeam-01-Practitioner-05</b></p><a name=\"nl-core-CareTeam-01-Practitioner-05\"> </a><a name=\"hcnl-core-CareTeam-01-Practitioner-05\"> </a><a name=\"hcnl-core-CareTeam-01-Practitioner-05-en-US\"> </a><p><b>name</b>: G.F. de Haan(Official)</p></div>"
  },
  "name" : [{
    "use" : "official",
    "text" : "G.F. de Haan",
    "family" : "de Haan",
    "_family" : {
      "extension" : [{
        "url" : "http://hl7.org/fhir/StructureDefinition/humanname-own-prefix",
        "valueString" : "de"
      },
      {
        "url" : "http://hl7.org/fhir/StructureDefinition/humanname-own-name",
        "valueString" : "Haan"
      }]
    },
    "given" : ["G.",
    "F."],
    "_given" : [{
      "extension" : [{
        "url" : "http://hl7.org/fhir/StructureDefinition/iso21090-EN-qualifier",
        "valueCode" : "IN"
      }]
    },
    {
      "extension" : [{
        "url" : "http://hl7.org/fhir/StructureDefinition/iso21090-EN-qualifier",
        "valueCode" : "IN"
      }]
    }],
    "prefix" : ["Drs."]
  }]
}