{
  "resourceType" : "Practitioner",
  "id" : "nl-core-CareTeam-01-Practitioner-03",
  "meta" : {
    "profile" : ["http://nictiz.nl/fhir/StructureDefinition/nl-core-HealthProfessional-Practitioner"]
  },
  "text" : {
    "status" : "generated",
    "div" : "<div xmlns=\"http://www.w3.org/1999/xhtml\"><p class=\"res-header-id\"><b>Generated Narrative: Practitioner nl-core-CareTeam-01-Practitioner-03</b></p><a name=\"nl-core-CareTeam-01-Practitioner-03\"> </a><a name=\"hcnl-core-CareTeam-01-Practitioner-03\"> </a><a name=\"hcnl-core-CareTeam-01-Practitioner-03-en-US\"> </a><p><b>name</b>: R.M. van Heck(Official)</p></div>"
  },
  "name" : [{
    "use" : "official",
    "text" : "R.M. van Heck",
    "family" : "van Heck",
    "_family" : {
      "extension" : [{
        "url" : "http://hl7.org/fhir/StructureDefinition/humanname-own-prefix",
        "valueString" : "van"
      },
      {
        "url" : "http://hl7.org/fhir/StructureDefinition/humanname-own-name",
        "valueString" : "Heck"
      }]
    },
    "given" : ["R.",
    "M."],
    "_given" : [{
      "extension" : [{
        "url" : "http://hl7.org/fhir/StructureDefinition/iso21090-EN-qualifier",
        "valueCode" : "IN"
      }]
    },
    {
      "extension" : [{
        "url" : "http://hl7.org/fhir/StructureDefinition/iso21090-EN-qualifier",
        "valueCode" : "IN"
      }]
    }],
    "prefix" : ["Dr."]
  }]
}