{
  "resourceType" : "PractitionerRole",
  "id" : "nl-core-CareTeam-01-PractitionerRole-06",
  "meta" : {
    "profile" : ["http://nictiz.nl/fhir/StructureDefinition/nl-core-HealthProfessional-PractitionerRole"]
  },
  "text" : {
    "status" : "generated",
    "div" : "<div xmlns=\"http://www.w3.org/1999/xhtml\"><p class=\"res-header-id\"><b>Generated Narrative: PractitionerRole nl-core-CareTeam-01-PractitionerRole-06</b></p><a name=\"nl-core-CareTeam-01-PractitionerRole-06\"> </a><a name=\"hcnl-core-CareTeam-01-PractitionerRole-06\"> </a><a name=\"hcnl-core-CareTeam-01-PractitionerRole-06-en-US\"> </a><p><b>practitioner</b>: <a href=\"Practitioner-nl-core-CareTeam-01-Practitioner-06.html\">Healthcare professional (person), K. van der Linden</a></p></div>"
  },
  "practitioner" : {
    "reference" : "Practitioner/nl-core-CareTeam-01-Practitioner-06",
    "type" : "Practitioner",
    "display" : "Healthcare professional (person), K. van der Linden"
  }
}