{
  "resourceType" : "PractitionerRole",
  "id" : "nl-core-CareTeam-01-PractitionerRole-06",
  "meta" : {
    "profile" : ["http://nictiz.nl/fhir/StructureDefinition/nl-core-HealthProfessional-PractitionerRole"]
  },
  "text" : {
    "status" : "generated",
    "div" : "<div xmlns=\"http://www.w3.org/1999/xhtml\"><p><b>Generated Narrative: PractitionerRole</b><a name=\"nl-core-CareTeam-01-PractitionerRole-06\"> </a></p><div style=\"display: inline-block; background-color: #d9e0e7; padding: 6px; margin: 4px; border: 1px solid #8da1b4; border-radius: 5px; line-height: 60%\"><p style=\"margin-bottom: 0px\">Resource PractitionerRole &quot;nl-core-CareTeam-01-PractitionerRole-06&quot; </p><p style=\"margin-bottom: 0px\">Profile: <code>http://nictiz.nl/fhir/StructureDefinition/nl-core-HealthProfessional-PractitionerRole</code></p></div><p><b>practitioner</b>: <a href=\"Practitioner-nl-core-CareTeam-01-Practitioner-06.html\">Practitioner/nl-core-CareTeam-01-Practitioner-06: Healthcare professional (person), K. van der Linden</a> &quot; VAN DER LINDEN&quot;</p></div>"
  },
  "practitioner" : {
    "reference" : "Practitioner/nl-core-CareTeam-01-Practitioner-06",
    "type" : "Practitioner",
    "display" : "Healthcare professional (person), K. van der Linden"
  }
}