{
  "resourceType" : "RelatedPerson",
  "id" : "nl-core-CareTeam-01-RelatedPerson-01",
  "meta" : {
    "profile" : ["http://nictiz.nl/fhir/StructureDefinition/nl-core-ContactPerson"]
  },
  "text" : {
    "status" : "generated",
    "div" : "<div xmlns=\"http://www.w3.org/1999/xhtml\"><p><b>Generated Narrative: RelatedPerson</b><a name=\"nl-core-CareTeam-01-RelatedPerson-01\"> </a></p><div style=\"display: inline-block; background-color: #d9e0e7; padding: 6px; margin: 4px; border: 1px solid #8da1b4; border-radius: 5px; line-height: 60%\"><p style=\"margin-bottom: 0px\">Resource RelatedPerson &quot;nl-core-CareTeam-01-RelatedPerson-01&quot; </p><p style=\"margin-bottom: 0px\">Profile: <a href=\"https://simplifier.net/resolve?scope=nictiz.fhir.nl.r4.nl-core@0.10.0-beta.1&amp;canonical=http://nictiz.nl/fhir/StructureDefinition/nl-core-ContactPerson\">nl core ContactPerson</a></p></div><p><b>patient</b>: <a href=\"Patient-nl-core-Patient-01.html\">Patient/nl-core-Patient-01: Patient, Johanna Petronella Maria (Jo) van Putten-van der Giessen</a> &quot; VAN PUTTEN-VAN DER GIESSEN&quot;</p><p><b>relationship</b>: Eerste relatie/contactpersoon <span style=\"background: LightGoldenRodYellow; margin: 4px; border: 1px solid khaki\"> (<a href=\"https://simplifier.net/resolve?scope=nictiz.fhir.nl.r4.zib2020@0.10.0-beta.1&amp;canonical=urn:oid:2.16.840.1.113883.2.4.3.11.22.472\">COD-821-VEK Vektis Soort relatie</a>#01)</span>, Husband <span style=\"background: LightGoldenRodYellow; margin: 4px; border: 1px solid khaki\"> (<a href=\"http://terminology.hl7.org/5.3.0/CodeSystem-v3-RoleCode.html\">RoleCode</a>#HUSB)</span></p><p><b>name</b>: Jan de Wit(OFFICIAL)</p></div>"
  },
  "patient" : {
    "reference" : "Patient/nl-core-Patient-01",
    "type" : "Patient",
    "display" : "Patient, Johanna Petronella Maria (Jo) van Putten-van der Giessen"
  },
  "relationship" : [{
    "coding" : [{
      "system" : "urn:oid:2.16.840.1.113883.2.4.3.11.22.472",
      "code" : "01",
      "display" : "Eerste relatie/contactpersoon"
    }]
  },
  {
    "coding" : [{
      "system" : "http://terminology.hl7.org/CodeSystem/v3-RoleCode",
      "code" : "HUSB",
      "display" : "Husband"
    }]
  }],
  "name" : [{
    "use" : "official",
    "text" : "Jan de Wit",
    "family" : "de Wit",
    "_family" : {
      "extension" : [{
        "url" : "http://hl7.org/fhir/StructureDefinition/humanname-own-prefix",
        "valueString" : "de"
      },
      {
        "url" : "http://hl7.org/fhir/StructureDefinition/humanname-own-name",
        "valueString" : "Wit"
      }]
    },
    "given" : ["Jan"],
    "_given" : [{
      "extension" : [{
        "url" : "http://hl7.org/fhir/StructureDefinition/iso21090-EN-qualifier",
        "valueCode" : "BR"
      }]
    }]
  }]
}