{
  "resourceType" : "ServiceRequest",
  "id" : "scp-req-bloedpanel",
  "text" : {
    "status" : "generated",
    "div" : "<div xmlns=\"http://www.w3.org/1999/xhtml\"><p class=\"res-header-id\"><b>Generated Narrative: ServiceRequest scp-req-bloedpanel</b></p><a name=\"scp-req-bloedpanel\"> </a><a name=\"hcscp-req-bloedpanel\"> </a><a name=\"hcscp-req-bloedpanel-en-US\"> </a><p><b>status</b>: Active</p><p><b>intent</b>: Order</p><p><b>code</b>: <span title=\"Codes:{http://loinc.org 58410-2}\">Compleet bloedbeeld panel in bloed d.m.v. geautomatiseerde telling</span></p><p><b>subject</b>: <a href=\"Patient-SharonCynthiaProef.html\">Sharon Cynthia Proef  (no stated gender), DoB Unknown</a></p></div>"
  },
  "status" : "active",
  "intent" : "order",
  "code" : {
    "coding" : [{
      "system" : "http://loinc.org",
      "code" : "58410-2",
      "display" : "Compleet bloedbeeld panel in bloed d.m.v. geautomatiseerde telling"
    }]
  },
  "subject" : {
    "reference" : "Patient/SharonCynthiaProef"
  }
}